DATAFLOW,FREQ,MEASURE,REF_AREA,AGE,SEX,EDUCATION_LEV,CATEGORY,UNIT_MEASURE,TIME_PERIOD,OBS_VALUE,UNIT_MULT,OBS_STATUS
OECD:DF_GOV_CORE_RESULTS(2.0),A,CONFNG,AT,Y15T29,_T,_T,TG,PCT_POP,2018,51,0,
OECD:DF_GOV_CORE_RESULTS(2.0),A,CONFNG,AT,Y30T49,_T,_T,TG,PCT_POP,2018,51,0,
OECD:DF_GOV_CORE_RESULTS(2.0),A,CONFNG,AT,Y_GE50,_T,_T,TG,PCT_POP,2018,51,0,
OECD:DF_GOV_CORE_RESULTS(2.0),A,CONFNG,AT,_T,_T,_T,TG,PCT_POP,2007,50,0,
OECD:DF_GOV_CORE_RESULTS(2.0),A,CONFNG,AT,_T,_T,_T,TG,PCT_POP,2018,49,0,
OECD:DF_GOV_CORE_RESULTS(2.0),A,CONFNG,AU,Y30T49,_T,_T,TG,PCT_POP,2018,43,0,
OECD:DF_GOV_CORE_RESULTS(2.0),A,CONFNG,AU,Y_GE50,_T,_T,TG,PCT_POP,2018,43,0,
OECD:DF_GOV_CORE_RESULTS(2.0),A,CONFNG,AU,_T,_T,_T,TG,PCT_POP,2007,53,0,
OECD:DF_GOV_CORE_RESULTS(2.0),A,CONFNG,AU,_T,_T,_T,TG,PCT_POP,2018,47,0,
OECD:DF_GOV_CORE_RESULTS(2.0),A,CONFNG,BE,Y30T49,_T,_T,TG,PCT_POP,2018,0,0,
OECD:DF_GOV_CORE_RESULTS(2.0),A,CONFNG,BE,Y_GE50,_T,_T,TG,PCT_POP,2018,0,0,
OECD:DF_GOV_CORE_RESULTS(2.0),A,CONFNG,BE,_T,_T,_T,TG,PCT_POP,2007,60,0,
OECD:DF_GOV_CORE_RESULTS(2.0),A,CONFNG,BE,_T,_T,_T,TG,PCT_POP,2018,44,0,
OECD:DF_GOV_CORE_RESULTS(2.0),A,CONFNG,BR,Y15T29,_T,_T,TG,PCT_POP,2018,21,0,
OECD:DF_GOV_CORE_RESULTS(2.0),A,CONFNG,BR,Y30T49,_T,_T,TG,PCT_POP,2018,13,0,
OECD:DF_GOV_CORE_RESULTS(2.0),A,CONFNG,BR,Y_GE50,_T,_T,TG,PCT_POP,2018,13,0,
OECD:DF_GOV_CORE_RESULTS(2.0),A,CONFNG,BR,_T,_T,_T,TG,PCT_POP,2007,38,0,
OECD:DF_GOV_CORE_RESULTS(2.0),A,CONFNG,BR,_T,_T,_T,TG,PCT_POP,2018,17,0,
OECD:DF_GOV_CORE_RESULTS(2.0),A,CONFNG,CA,Y15T29,_T,_T,TG,PCT_POP,2018,58,0,
OECD:DF_GOV_CORE_RESULTS(2.0),A,CONFNG,CA,Y30T49,_T,_T,TG,PCT_POP,2018,61,0,
OECD:DF_GOV_CORE_RESULTS(2.0),A,CONFNG,CA,Y_GE50,_T,_T,TG,PCT_POP,2018,61,0,
OECD:DF_GOV_CORE_RESULTS(2.0),A,CONFNG,CA,_T,_T,_T,TG,PCT_POP,2007,64,0,
OECD:DF_GOV_CORE_RESULTS(2.0),A,CONFNG,CA,_T,_T,_T,TG,PCT_POP,2018,61,0,
OECD:DF_GOV_CORE_RESULTS(2.0),A,CONFNG,CH,Y15T29,_T,_T,TG,PCT_POP,2018,88,0,
OECD:DF_GOV_CORE_RESULTS(2.0),A,CONFNG,CH,Y30T49,_T,_T,TG,PCT_POP,2018,87,0,
OECD:DF_GOV_CORE_RESULTS(2.0),A,CONFNG,CH,Y_GE50,_T,_T,TG,PCT_POP,2018,87,0,
OECD:DF_GOV_CORE_RESULTS(2.0),A,CONFNG,CH,_T,_T,_T,TG,PCT_POP,2007,63,0,
OECD:DF_GOV_CORE_RESULTS(2.0),A,CONFNG,CH,_T,_T,_T,TG,PCT_POP,2018,85,0,
OECD:DF_GOV_CORE_RESULTS(2.0),A,CONFNG,CL,Y15T29,_T,_T,TG,PCT_POP,2018,23,0,
OECD:DF_GOV_CORE_RESULTS(2.0),A,CONFNG,CL,Y30T49,_T,_T,TG,PCT_POP,2018,28,0,
OECD:DF_GOV_CORE_RESULTS(2.0),A,CONFNG,CL,Y_GE50,_T,_T,TG,PCT_POP,2018,28,0,
OECD:DF_GOV_CORE_RESULTS(2.0),A,CONFNG,CL,_T,_T,_T,TG,PCT_POP,2007,43,0,
OECD:DF_GOV_CORE_RESULTS(2.0),A,CONFNG,CL,_T,_T,_T,TG,PCT_POP,2018,33,0,
OECD:DF_GOV_CORE_RESULTS(2.0),A,CONFNG,CO,Y15T29,_T,_T,TG,PCT_POP,2018,24,0,
OECD:DF_GOV_CORE_RESULTS(2.0),A,CONFNG,CO,Y30T49,_T,_T,TG,PCT_POP,2018,22,0,
OECD:DF_GOV_CORE_RESULTS(2.0),A,CONFNG,CO,Y_GE50,_T,_T,TG,PCT_POP,2018,22,0,
OECD:DF_GOV_CORE_RESULTS(2.0),A,CONFNG,CO,_T,_T,_T,TG,PCT_POP,2007,51,0,
OECD:DF_GOV_CORE_RESULTS(2.0),A,CONFNG,CO,_T,_T,_T,TG,PCT_POP,2018,27,0,
OECD:DF_GOV_CORE_RESULTS(2.0),A,CONFNG,CR,Y15T29,_T,_T,TG,PCT_POP,2018,43,0,
OECD:DF_GOV_CORE_RESULTS(2.0),A,CONFNG,CR,Y30T49,_T,_T,TG,PCT_POP,2018,46,0,
OECD:DF_GOV_CORE_RESULTS(2.0),A,CONFNG,CR,Y_GE50,_T,_T,TG,PCT_POP,2018,46,0,
OECD:DF_GOV_CORE_RESULTS(2.0),A,CONFNG,CR,_T,_T,_T,TG,PCT_POP,2007,45,0,
OECD:DF_GOV_CORE_RESULTS(2.0),A,CONFNG,CR,_T,_T,_T,TG,PCT_POP,2018,48,0,
OECD:DF_GOV_CORE_RESULTS(2.0),A,CONFNG,CZ,Y15T29,_T,_T,TG,PCT_POP,2018,38,0,
OECD:DF_GOV_CORE_RESULTS(2.0),A,CONFNG,CZ,Y30T49,_T,_T,TG,PCT_POP,2018,42,0,
OECD:DF_GOV_CORE_RESULTS(2.0),A,CONFNG,CZ,Y_GE50,_T,_T,TG,PCT_POP,2018,42,0,
OECD:DF_GOV_CORE_RESULTS(2.0),A,CONFNG,CZ,_T,_T,_T,TG,PCT_POP,2007,27,0,
OECD:DF_GOV_CORE_RESULTS(2.0),A,CONFNG,CZ,_T,_T,_T,TG,PCT_POP,2018,42,0,
OECD:DF_GOV_CORE_RESULTS(2.0),A,CONFNG,DE,Y15T29,_T,_T,TG,PCT_POP,2018,59,0,
OECD:DF_GOV_CORE_RESULTS(2.0),A,CONFNG,DE,Y30T49,_T,_T,TG,PCT_POP,2018,59,0,
OECD:DF_GOV_CORE_RESULTS(2.0),A,CONFNG,DE,Y_GE50,_T,_T,TG,PCT_POP,2018,59,0,
OECD:DF_GOV_CORE_RESULTS(2.0),A,CONFNG,DE,_T,_T,_T,TG,PCT_POP,2007,35,0,
OECD:DF_GOV_CORE_RESULTS(2.0),A,CONFNG,DE,_T,_T,_T,TG,PCT_POP,2018,59,0,
OECD:DF_GOV_CORE_RESULTS(2.0),A,CONFNG,DK,Y15T29,_T,_T,TG,PCT_POP,2018,64,0,
OECD:DF_GOV_CORE_RESULTS(2.0),A,CONFNG,DK,Y30T49,_T,_T,TG,PCT_POP,2018,59,0,
OECD:DF_GOV_CORE_RESULTS(2.0),A,CONFNG,DK,Y_GE50,_T,_T,TG,PCT_POP,2018,59,0,
OECD:DF_GOV_CORE_RESULTS(2.0),A,CONFNG,DK,_T,_T,_T,TG,PCT_POP,2007,59,0,
OECD:DF_GOV_CORE_RESULTS(2.0),A,CONFNG,DK,_T,_T,_T,TG,PCT_POP,2018,63,0,
OECD:DF_GOV_CORE_RESULTS(2.0),A,CONFNG,EE,Y15T29,_T,_T,TG,PCT_POP,2018,38,0,
OECD:DF_GOV_CORE_RESULTS(2.0),A,CONFNG,EE,Y30T49,_T,_T,TG,PCT_POP,2018,38,0,
OECD:DF_GOV_CORE_RESULTS(2.0),A,CONFNG,EE,Y_GE50,_T,_T,TG,PCT_POP,2018,38,0,
OECD:DF_GOV_CORE_RESULTS(2.0),A,CONFNG,EE,_T,_T,_T,TG,PCT_POP,2007,42,0,
OECD:DF_GOV_CORE_RESULTS(2.0),A,CONFNG,EE,_T,_T,_T,TG,PCT_POP,2018,42,0,
OECD:DF_GOV_CORE_RESULTS(2.0),A,CONFNG,ES,Y15T29,_T,_T,TG,PCT_POP,2018,29,0,
OECD:DF_GOV_CORE_RESULTS(2.0),A,CONFNG,ES,Y30T49,_T,_T,TG,PCT_POP,2018,29,0,
OECD:DF_GOV_CORE_RESULTS(2.0),A,CONFNG,ES,Y_GE50,_T,_T,TG,PCT_POP,2018,29,0,
OECD:DF_GOV_CORE_RESULTS(2.0),A,CONFNG,ES,_T,_T,_T,TG,PCT_POP,2007,48,0,
OECD:DF_GOV_CORE_RESULTS(2.0),A,CONFNG,ES,_T,_T,_T,TG,PCT_POP,2018,29,0,
OECD:DF_GOV_CORE_RESULTS(2.0),A,CONFNG,FI,Y15T29,_T,_T,TG,PCT_POP,2018,64,0,
OECD:DF_GOV_CORE_RESULTS(2.0),A,CONFNG,FI,Y30T49,_T,_T,TG,PCT_POP,2018,50,0,
OECD:DF_GOV_CORE_RESULTS(2.0),A,CONFNG,FI,Y_GE50,_T,_T,TG,PCT_POP,2018,50,0,
OECD:DF_GOV_CORE_RESULTS(2.0),A,CONFNG,FI,_T,_T,_T,TG,PCT_POP,2007,76,0,
OECD:DF_GOV_CORE_RESULTS(2.0),A,CONFNG,FI,_T,_T,_T,TG,PCT_POP,2018,56,0,
OECD:DF_GOV_CORE_RESULTS(2.0),A,CONFNG,FR,Y15T29,_T,_T,TG,PCT_POP,2018,27,0,
OECD:DF_GOV_CORE_RESULTS(2.0),A,CONFNG,FR,Y30T49,_T,_T,TG,PCT_POP,2018,40,0,
OECD:DF_GOV_CORE_RESULTS(2.0),A,CONFNG,FR,Y_GE50,_T,_T,TG,PCT_POP,2018,40,0,
OECD:DF_GOV_CORE_RESULTS(2.0),A,CONFNG,FR,_T,_T,_T,TG,PCT_POP,2007,36,0,
OECD:DF_GOV_CORE_RESULTS(2.0),A,CONFNG,FR,_T,_T,_T,TG,PCT_POP,2018,38,0,
OECD:DF_GOV_CORE_RESULTS(2.0),A,CONFNG,GB,Y15T29,_T,_T,TG,PCT_POP,2018,46,0,
OECD:DF_GOV_CORE_RESULTS(2.0),A,CONFNG,GB,Y30T49,_T,_T,TG,PCT_POP,2018,36,0,
OECD:DF_GOV_CORE_RESULTS(2.0),A,CONFNG,GB,Y_GE50,_T,_T,TG,PCT_POP,2018,36,0,
OECD:DF_GOV_CORE_RESULTS(2.0),A,CONFNG,GB,_T,_T,_T,TG,PCT_POP,2007,36,0,
OECD:DF_GOV_CORE_RESULTS(2.0),A,CONFNG,GB,_T,_T,_T,TG,PCT_POP,2018,42,0,
OECD:DF_GOV_CORE_RESULTS(2.0),A,CONFNG,GR,Y15T29,_T,_T,TG,PCT_POP,2018,10,0,
OECD:DF_GOV_CORE_RESULTS(2.0),A,CONFNG,GR,Y30T49,_T,_T,TG,PCT_POP,2018,14,0,
OECD:DF_GOV_CORE_RESULTS(2.0),A,CONFNG,GR,Y_GE50,_T,_T,TG,PCT_POP,2018,14,0,
OECD:DF_GOV_CORE_RESULTS(2.0),A,CONFNG,GR,_T,_T,_T,TG,PCT_POP,2007,38,0,
OECD:DF_GOV_CORE_RESULTS(2.0),A,CONFNG,GR,_T,_T,_T,TG,PCT_POP,2018,16,0,
OECD:DF_GOV_CORE_RESULTS(2.0),A,CONFNG,HU,Y15T29,_T,_T,TG,PCT_POP,2018,21,0,
OECD:DF_GOV_CORE_RESULTS(2.0),A,CONFNG,HU,Y30T49,_T,_T,TG,PCT_POP,2018,38,0,
OECD:DF_GOV_CORE_RESULTS(2.0),A,CONFNG,HU,Y_GE50,_T,_T,TG,PCT_POP,2018,38,0,
OECD:DF_GOV_CORE_RESULTS(2.0),A,CONFNG,HU,_T,_T,_T,TG,PCT_POP,2007,25,0,
OECD:DF_GOV_CORE_RESULTS(2.0),A,CONFNG,HU,_T,_T,_T,TG,PCT_POP,2018,39,0,
OECD:DF_GOV_CORE_RESULTS(2.0),A,CONFNG,ID,Y15T29,_T,_T,TG,PCT_POP,2018,88,0,
OECD:DF_GOV_CORE_RESULTS(2.0),A,CONFNG,ID,Y30T49,_T,_T,TG,PCT_POP,2018,80,0,
OECD:DF_GOV_CORE_RESULTS(2.0),A,CONFNG,ID,Y_GE50,_T,_T,TG,PCT_POP,2018,80,0,
OECD:DF_GOV_CORE_RESULTS(2.0),A,CONFNG,ID,_T,_T,_T,TG,PCT_POP,2007,52,0,
OECD:DF_GOV_CORE_RESULTS(2.0),A,CONFNG,ID,_T,_T,_T,TG,PCT_POP,2018,84,0,
OECD:DF_GOV_CORE_RESULTS(2.0),A,CONFNG,IE,Y30T49,_T,_T,TG,PCT_POP,2018,0,0,
OECD:DF_GOV_CORE_RESULTS(2.0),A,CONFNG,IE,Y_GE50,_T,_T,TG,PCT_POP,2018,0,0,
OECD:DF_GOV_CORE_RESULTS(2.0),A,CONFNG,IE,_T,_T,_T,TG,PCT_POP,2007,63,0,
OECD:DF_GOV_CORE_RESULTS(2.0),A,CONFNG,IE,_T,_T,_T,TG,PCT_POP,2018,62,0,
OECD:DF_GOV_CORE_RESULTS(2.0),A,CONFNG,IL,Y15T29,_T,_T,TG,PCT_POP,2018,37,0,
OECD:DF_GOV_CORE_RESULTS(2.0),A,CONFNG,IL,Y30T49,_T,_T,TG,PCT_POP,2018,39,0,
OECD:DF_GOV_CORE_RESULTS(2.0),A,CONFNG,IL,Y_GE50,_T,_T,TG,PCT_POP,2018,39,0,
OECD:DF_GOV_CORE_RESULTS(2.0),A,CONFNG,IL,_T,_T,_T,TG,PCT_POP,2007,22,0,
OECD:DF_GOV_CORE_RESULTS(2.0),A,CONFNG,IL,_T,_T,_T,TG,PCT_POP,2018,42,0,
OECD:DF_GOV_CORE_RESULTS(2.0),A,CONFNG,IN,Y15T29,_T,_T,TG,PCT_POP,2018,77,0,
OECD:DF_GOV_CORE_RESULTS(2.0),A,CONFNG,IN,Y30T49,_T,_T,TG,PCT_POP,2018,77,0,
OECD:DF_GOV_CORE_RESULTS(2.0),A,CONFNG,IN,Y_GE50,_T,_T,TG,PCT_POP,2018,77,0,
OECD:DF_GOV_CORE_RESULTS(2.0),A,CONFNG,IN,_T,_T,_T,TG,PCT_POP,2007,82,0,
OECD:DF_GOV_CORE_RESULTS(2.0),A,CONFNG,IN,_T,_T,_T,TG,PCT_POP,2018,75,0,
OECD:DF_GOV_CORE_RESULTS(2.0),A,CONFNG,IS,Y30T49,_T,_T,TG,PCT_POP,2018,37,0,
OECD:DF_GOV_CORE_RESULTS(2.0),A,CONFNG,IS,Y_GE50,_T,_T,TG,PCT_POP,2018,37,0,
OECD:DF_GOV_CORE_RESULTS(2.0),A,CONFNG,IS,_T,_T,_T,TG,PCT_POP,2007,24,0,
OECD:DF_GOV_CORE_RESULTS(2.0),A,CONFNG,IS,_T,_T,_T,TG,PCT_POP,2018,37,0,
OECD:DF_GOV_CORE_RESULTS(2.0),A,CONFNG,IT,Y15T29,_T,_T,TG,PCT_POP,2018,26,0,
OECD:DF_GOV_CORE_RESULTS(2.0),A,CONFNG,IT,Y30T49,_T,_T,TG,PCT_POP,2018,22,0,
OECD:DF_GOV_CORE_RESULTS(2.0),A,CONFNG,IT,Y_GE50,_T,_T,TG,PCT_POP,2018,22,0,
OECD:DF_GOV_CORE_RESULTS(2.0),A,CONFNG,IT,_T,_T,_T,TG,PCT_POP,2007,30,0,
OECD:DF_GOV_CORE_RESULTS(2.0),A,CONFNG,IT,_T,_T,_T,TG,PCT_POP,2018,21,0,
OECD:DF_GOV_CORE_RESULTS(2.0),A,CONFNG,JP,Y15T29,_T,_T,TG,PCT_POP,2018,0,0,
OECD:DF_GOV_CORE_RESULTS(2.0),A,CONFNG,JP,Y30T49,_T,_T,TG,PCT_POP,2018,38,0,
OECD:DF_GOV_CORE_RESULTS(2.0),A,CONFNG,JP,Y_GE50,_T,_T,TG,PCT_POP,2018,38,0,
OECD:DF_GOV_CORE_RESULTS(2.0),A,CONFNG,JP,_T,_T,_T,TG,PCT_POP,2007,24,0,
OECD:DF_GOV_CORE_RESULTS(2.0),A,CONFNG,JP,_T,_T,_T,TG,PCT_POP,2018,38,0,
OECD:DF_GOV_CORE_RESULTS(2.0),A,CONFNG,KR,Y15T29,_T,_T,TG,PCT_POP,2018,34,0,
OECD:DF_GOV_CORE_RESULTS(2.0),A,CONFNG,KR,Y30T49,_T,_T,TG,PCT_POP,2018,45,0,
OECD:DF_GOV_CORE_RESULTS(2.0),A,CONFNG,KR,Y_GE50,_T,_T,TG,PCT_POP,2018,45,0,
OECD:DF_GOV_CORE_RESULTS(2.0),A,CONFNG,KR,_T,_T,_T,TG,PCT_POP,2007,24,0,
OECD:DF_GOV_CORE_RESULTS(2.0),A,CONFNG,KR,_T,_T,_T,TG,PCT_POP,2018,39,0,
OECD:DF_GOV_CORE_RESULTS(2.0),A,CONFNG,LT,Y15T29,_T,_T,TG,PCT_POP,2018,42,0,
OECD:DF_GOV_CORE_RESULTS(2.0),A,CONFNG,LT,Y30T49,_T,_T,TG,PCT_POP,2018,26,0,
OECD:DF_GOV_CORE_RESULTS(2.0),A,CONFNG,LT,Y_GE50,_T,_T,TG,PCT_POP,2018,26,0,
OECD:DF_GOV_CORE_RESULTS(2.0),A,CONFNG,LT,_T,_T,_T,TG,PCT_POP,2007,27,0,
OECD:DF_GOV_CORE_RESULTS(2.0),A,CONFNG,LT,_T,_T,_T,TG,PCT_POP,2018,32,0,
OECD:DF_GOV_CORE_RESULTS(2.0),A,CONFNG,LU,Y15T29,_T,_T,TG,PCT_POP,2018,75,0,
OECD:DF_GOV_CORE_RESULTS(2.0),A,CONFNG,LU,Y30T49,_T,_T,TG,PCT_POP,2018,79,0,
OECD:DF_GOV_CORE_RESULTS(2.0),A,CONFNG,LU,Y_GE50,_T,_T,TG,PCT_POP,2018,79,0,
OECD:DF_GOV_CORE_RESULTS(2.0),A,CONFNG,LU,_T,_T,_T,TG,PCT_POP,2007,82,0,
OECD:DF_GOV_CORE_RESULTS(2.0),A,CONFNG,LU,_T,_T,_T,TG,PCT_POP,2018,76,0,
OECD:DF_GOV_CORE_RESULTS(2.0),A,CONFNG,LV,Y15T29,_T,_T,TG,PCT_POP,2018,23,0,
OECD:DF_GOV_CORE_RESULTS(2.0),A,CONFNG,LV,Y30T49,_T,_T,TG,PCT_POP,2018,14,0,
OECD:DF_GOV_CORE_RESULTS(2.0),A,CONFNG,LV,Y_GE50,_T,_T,TG,PCT_POP,2018,14,0,
OECD:DF_GOV_CORE_RESULTS(2.0),A,CONFNG,LV,_T,_T,_T,TG,PCT_POP,2007,28,0,
OECD:DF_GOV_CORE_RESULTS(2.0),A,CONFNG,LV,_T,_T,_T,TG,PCT_POP,2018,20,0,
OECD:DF_GOV_CORE_RESULTS(2.0),A,CONFNG,MX,Y15T29,_T,_T,TG,PCT_POP,2018,28,0,
OECD:DF_GOV_CORE_RESULTS(2.0),A,CONFNG,MX,Y30T49,_T,_T,TG,PCT_POP,2018,26,0,
OECD:DF_GOV_CORE_RESULTS(2.0),A,CONFNG,MX,Y_GE50,_T,_T,TG,PCT_POP,2018,26,0,
OECD:DF_GOV_CORE_RESULTS(2.0),A,CONFNG,MX,_T,_T,_T,TG,PCT_POP,2007,42,0,
OECD:DF_GOV_CORE_RESULTS(2.0),A,CONFNG,MX,_T,_T,_T,TG,PCT_POP,2018,29,0,
OECD:DF_GOV_CORE_RESULTS(2.0),A,CONFNG,NL,Y15T29,_T,_T,TG,PCT_POP,2018,75,0,
OECD:DF_GOV_CORE_RESULTS(2.0),A,CONFNG,NL,Y30T49,_T,_T,TG,PCT_POP,2018,68,0,
OECD:DF_GOV_CORE_RESULTS(2.0),A,CONFNG,NL,Y_GE50,_T,_T,TG,PCT_POP,2018,68,0,
OECD:DF_GOV_CORE_RESULTS(2.0),A,CONFNG,NL,_T,_T,_T,TG,PCT_POP,2007,66,0,
OECD:DF_GOV_CORE_RESULTS(2.0),A,CONFNG,NL,_T,_T,_T,TG,PCT_POP,2018,66,0,
OECD:DF_GOV_CORE_RESULTS(2.0),A,CONFNG,NO,Y15T29,_T,_T,TG,PCT_POP,2018,73,0,
OECD:DF_GOV_CORE_RESULTS(2.0),A,CONFNG,NO,Y30T49,_T,_T,TG,PCT_POP,2018,63,0,
OECD:DF_GOV_CORE_RESULTS(2.0),A,CONFNG,NO,Y_GE50,_T,_T,TG,PCT_POP,2018,63,0,
OECD:DF_GOV_CORE_RESULTS(2.0),A,CONFNG,NO,_T,_T,_T,TG,PCT_POP,2007,68,0,
OECD:DF_GOV_CORE_RESULTS(2.0),A,CONFNG,NO,_T,_T,_T,TG,PCT_POP,2018,68,0,
OECD:DF_GOV_CORE_RESULTS(2.0),A,CONFNG,NZ,Y15T29,_T,_T,TG,PCT_POP,2018,60,0,
OECD:DF_GOV_CORE_RESULTS(2.0),A,CONFNG,NZ,Y30T49,_T,_T,TG,PCT_POP,2018,65,0,
OECD:DF_GOV_CORE_RESULTS(2.0),A,CONFNG,NZ,Y_GE50,_T,_T,TG,PCT_POP,2018,65,0,
OECD:DF_GOV_CORE_RESULTS(2.0),A,CONFNG,NZ,_T,_T,_T,TG,PCT_POP,2007,59,0,
OECD:DF_GOV_CORE_RESULTS(2.0),A,CONFNG,NZ,_T,_T,_T,TG,PCT_POP,2018,64,0,
OECD:DF_GOV_CORE_RESULTS(2.0),A,CONFNG,PL,Y15T29,_T,_T,TG,PCT_POP,2018,37,0,
OECD:DF_GOV_CORE_RESULTS(2.0),A,CONFNG,PL,Y30T49,_T,_T,TG,PCT_POP,2018,39,0,
OECD:DF_GOV_CORE_RESULTS(2.0),A,CONFNG,PL,Y_GE50,_T,_T,TG,PCT_POP,2018,39,0,
OECD:DF_GOV_CORE_RESULTS(2.0),A,CONFNG,PL,_T,_T,_T,TG,PCT_POP,2007,19,0,
OECD:DF_GOV_CORE_RESULTS(2.0),A,CONFNG,PL,_T,_T,_T,TG,PCT_POP,2018,43,0,
OECD:DF_GOV_CORE_RESULTS(2.0),A,CONFNG,PT,Y15T29,_T,_T,TG,PCT_POP,2018,53,0,
OECD:DF_GOV_CORE_RESULTS(2.0),A,CONFNG,PT,Y30T49,_T,_T,TG,PCT_POP,2018,44,0,
OECD:DF_GOV_CORE_RESULTS(2.0),A,CONFNG,PT,Y_GE50,_T,_T,TG,PCT_POP,2018,44,0,
OECD:DF_GOV_CORE_RESULTS(2.0),A,CONFNG,PT,_T,_T,_T,TG,PCT_POP,2007,45,0,
OECD:DF_GOV_CORE_RESULTS(2.0),A,CONFNG,PT,_T,_T,_T,TG,PCT_POP,2018,52,0,
OECD:DF_GOV_CORE_RESULTS(2.0),A,CONFNG,RU,Y15T29,_T,_T,TG,PCT_POP,2018,43,0,
OECD:DF_GOV_CORE_RESULTS(2.0),A,CONFNG,RU,Y30T49,_T,_T,TG,PCT_POP,2018,38,0,
OECD:DF_GOV_CORE_RESULTS(2.0),A,CONFNG,RU,Y_GE50,_T,_T,TG,PCT_POP,2018,38,0,
OECD:DF_GOV_CORE_RESULTS(2.0),A,CONFNG,RU,_T,_T,_T,TG,PCT_POP,2007,37,0,
OECD:DF_GOV_CORE_RESULTS(2.0),A,CONFNG,RU,_T,_T,_T,TG,PCT_POP,2018,46,0,
OECD:DF_GOV_CORE_RESULTS(2.0),A,CONFNG,SE,Y15T29,_T,_T,TG,PCT_POP,2018,44,0,
OECD:DF_GOV_CORE_RESULTS(2.0),A,CONFNG,SE,Y30T49,_T,_T,TG,PCT_POP,2018,51,0,
OECD:DF_GOV_CORE_RESULTS(2.0),A,CONFNG,SE,Y_GE50,_T,_T,TG,PCT_POP,2018,51,0,
OECD:DF_GOV_CORE_RESULTS(2.0),A,CONFNG,SE,_T,_T,_T,TG,PCT_POP,2007,56,0,
OECD:DF_GOV_CORE_RESULTS(2.0),A,CONFNG,SE,_T,_T,_T,TG,PCT_POP,2018,49,0,
OECD:DF_GOV_CORE_RESULTS(2.0),A,CONFNG,SI,Y30T49,_T,_T,TG,PCT_POP,2018,22,0,
OECD:DF_GOV_CORE_RESULTS(2.0),A,CONFNG,SI,Y_GE50,_T,_T,TG,PCT_POP,2018,22,0,
OECD:DF_GOV_CORE_RESULTS(2.0),A,CONFNG,SI,_T,_T,_T,TG,PCT_POP,2007,48,0,
OECD:DF_GOV_CORE_RESULTS(2.0),A,CONFNG,SI,_T,_T,_T,TG,PCT_POP,2018,24,0,
OECD:DF_GOV_CORE_RESULTS(2.0),A,CONFNG,SK,Y15T29,_T,_T,TG,PCT_POP,2018,33,0,
OECD:DF_GOV_CORE_RESULTS(2.0),A,CONFNG,SK,Y30T49,_T,_T,TG,PCT_POP,2018,26,0,
OECD:DF_GOV_CORE_RESULTS(2.0),A,CONFNG,SK,Y_GE50,_T,_T,TG,PCT_POP,2018,26,0,
OECD:DF_GOV_CORE_RESULTS(2.0),A,CONFNG,SK,_T,_T,_T,TG,PCT_POP,2007,16,0,
OECD:DF_GOV_CORE_RESULTS(2.0),A,CONFNG,SK,_T,_T,_T,TG,PCT_POP,2018,33,0,
OECD:DF_GOV_CORE_RESULTS(2.0),A,CONFNG,TR,Y15T29,_T,_T,TG,PCT_POP,2018,43,0,
OECD:DF_GOV_CORE_RESULTS(2.0),A,CONFNG,TR,Y30T49,_T,_T,TG,PCT_POP,2018,53,0,
OECD:DF_GOV_CORE_RESULTS(2.0),A,CONFNG,TR,Y_GE50,_T,_T,TG,PCT_POP,2018,53,0,
OECD:DF_GOV_CORE_RESULTS(2.0),A,CONFNG,TR,_T,_T,_T,TG,PCT_POP,2007,56,0,
OECD:DF_GOV_CORE_RESULTS(2.0),A,CONFNG,TR,_T,_T,_T,TG,PCT_POP,2018,51,0,
OECD:DF_GOV_CORE_RESULTS(2.0),A,CONFNG,US,Y15T29,_T,_T,TG,PCT_POP,2018,32,0,
OECD:DF_GOV_CORE_RESULTS(2.0),A,CONFNG,US,Y30T49,_T,_T,TG,PCT_POP,2018,25,0,
OECD:DF_GOV_CORE_RESULTS(2.0),A,CONFNG,US,Y_GE50,_T,_T,TG,PCT_POP,2018,25,0,
OECD:DF_GOV_CORE_RESULTS(2.0),A,CONFNG,US,_T,_T,_T,TG,PCT_POP,2007,39,0,
OECD:DF_GOV_CORE_RESULTS(2.0),A,CONFNG,US,_T,_T,_T,TG,PCT_POP,2018,31,0,
OECD:DF_GOV_CORE_RESULTS(2.0),A,CONFNG,ZA,Y15T29,_T,_T,TG,PCT_POP,2018,53,0,
OECD:DF_GOV_CORE_RESULTS(2.0),A,CONFNG,ZA,Y30T49,_T,_T,TG,PCT_POP,2018,51,0,
OECD:DF_GOV_CORE_RESULTS(2.0),A,CONFNG,ZA,Y_GE50,_T,_T,TG,PCT_POP,2018,51,0,
OECD:DF_GOV_CORE_RESULTS(2.0),A,CONFNG,ZA,_T,_T,_T,TG,PCT_POP,2007,66,0,
OECD:DF_GOV_CORE_RESULTS(2.0),A,CONFNG,ZA,_T,_T,_T,TG,PCT_POP,2018,52,0,
OECD:DF_GOV_CORE_RESULTS(2.0),A,CONFNG,OECDAVG,Y15T29,_T,_T,TG,PCT_POP,2018,44.55,0,
OECD:DF_GOV_CORE_RESULTS(2.0),A,CONFNG,OECDAVG,Y30T49,_T,_T,TG,PCT_POP,2018,42.8,0,
OECD:DF_GOV_CORE_RESULTS(2.0),A,CONFNG,OECDAVG,Y_GE50,_T,_T,TG,PCT_POP,2018,42.8,0,
OECD:DF_GOV_CORE_RESULTS(2.0),A,CONFNG,OECDAVG,_T,_T,_T,TG,PCT_POP,2007,44,0,
OECD:DF_GOV_CORE_RESULTS(2.0),A,CONFNG,OECDAVG,_T,_T,_T,TG,PCT_POP,2018,45,0,
OECD:DF_GOV_CORE_RESULTS(2.0),A,PGC,AT,_T,_T,_T,TG,PCT_POP,2018,49,0,
OECD:DF_GOV_CORE_RESULTS(2.0),A,PGC,AU,_T,_T,_T,TG,PCT_POP,2018,36,0,
OECD:DF_GOV_CORE_RESULTS(2.0),A,PGC,BE,_T,_T,_T,TG,PCT_POP,2018,60,0,
OECD:DF_GOV_CORE_RESULTS(2.0),A,PGC,CA,_T,_T,_T,TG,PCT_POP,2018,36,0,
OECD:DF_GOV_CORE_RESULTS(2.0),A,PGC,CH,_T,_T,_T,TG,PCT_POP,2018,24,0,
OECD:DF_GOV_CORE_RESULTS(2.0),A,PGC,CL,_T,_T,_T,TG,PCT_POP,2018,76,0,
OECD:DF_GOV_CORE_RESULTS(2.0),A,PGC,CZ,_T,_T,_T,TG,PCT_POP,2018,67,0,
OECD:DF_GOV_CORE_RESULTS(2.0),A,PGC,DE,_T,_T,_T,TG,PCT_POP,2018,44,0,
OECD:DF_GOV_CORE_RESULTS(2.0),A,PGC,DK,_T,_T,_T,TG,PCT_POP,2018,14,0,
OECD:DF_GOV_CORE_RESULTS(2.0),A,PGC,EE,_T,_T,_T,TG,PCT_POP,2018,46,0,
OECD:DF_GOV_CORE_RESULTS(2.0),A,PGC,ES,_T,_T,_T,TG,PCT_POP,2018,76,0,
OECD:DF_GOV_CORE_RESULTS(2.0),A,PGC,FI,_T,_T,_T,TG,PCT_POP,2018,21,0,
OECD:DF_GOV_CORE_RESULTS(2.0),A,PGC,FR,_T,_T,_T,TG,PCT_POP,2018,54,0,
OECD:DF_GOV_CORE_RESULTS(2.0),A,PGC,GB,_T,_T,_T,TG,PCT_POP,2018,37,0,
OECD:DF_GOV_CORE_RESULTS(2.0),A,PGC,GR,_T,_T,_T,TG,PCT_POP,2018,73,0,
OECD:DF_GOV_CORE_RESULTS(2.0),A,PGC,HU,_T,_T,_T,TG,PCT_POP,2018,70,0,
OECD:DF_GOV_CORE_RESULTS(2.0),A,PGC,IL,_T,_T,_T,TG,PCT_POP,2018,73,0,
OECD:DF_GOV_CORE_RESULTS(2.0),A,PGC,IS,_T,_T,_T,TG,PCT_POP,2018,73,0,
OECD:DF_GOV_CORE_RESULTS(2.0),A,PGC,IT,_T,_T,_T,TG,PCT_POP,2018,84,0,
OECD:DF_GOV_CORE_RESULTS(2.0),A,PGC,JP,_T,_T,_T,TG,PCT_POP,2018,60,0,
OECD:DF_GOV_CORE_RESULTS(2.0),A,PGC,KR,_T,_T,_T,TG,PCT_POP,2018,69,0,
OECD:DF_GOV_CORE_RESULTS(2.0),A,PGC,LU,_T,_T,_T,TG,PCT_POP,2018,28,0,
OECD:DF_GOV_CORE_RESULTS(2.0),A,PGC,LV,_T,_T,_T,TG,PCT_POP,2018,60,0,
OECD:DF_GOV_CORE_RESULTS(2.0),A,PGC,MX,_T,_T,_T,TG,PCT_POP,2018,84,0,
OECD:DF_GOV_CORE_RESULTS(2.0),A,PGC,NL,_T,_T,_T,TG,PCT_POP,2018,34,0,
OECD:DF_GOV_CORE_RESULTS(2.0),A,PGC,NO,_T,_T,_T,TG,PCT_POP,2018,22,0,
OECD:DF_GOV_CORE_RESULTS(2.0),A,PGC,NZ,_T,_T,_T,TG,PCT_POP,2018,16,0,
OECD:DF_GOV_CORE_RESULTS(2.0),A,PGC,PL,_T,_T,_T,TG,PCT_POP,2018,52,0,
OECD:DF_GOV_CORE_RESULTS(2.0),A,PGC,PT,_T,_T,_T,TG,PCT_POP,2018,77,0,
OECD:DF_GOV_CORE_RESULTS(2.0),A,PGC,SE,_T,_T,_T,TG,PCT_POP,2018,18,0,
OECD:DF_GOV_CORE_RESULTS(2.0),A,PGC,SI,_T,_T,_T,TG,PCT_POP,2018,81,0,
OECD:DF_GOV_CORE_RESULTS(2.0),A,PGC,SK,_T,_T,_T,TG,PCT_POP,2018,83,0,
OECD:DF_GOV_CORE_RESULTS(2.0),A,PGC,TR,_T,_T,_T,TG,PCT_POP,2018,52,0,
OECD:DF_GOV_CORE_RESULTS(2.0),A,PGC,US,_T,_T,_T,TG,PCT_POP,2018,78,0,
OECD:DF_GOV_CORE_RESULTS(2.0),A,PGC,OECDAVG,_T,_T,_T,TG,PCT_POP,2018,53.8,0,
OECD:DF_GOV_CORE_RESULTS(2.0),A,PE_SWGD,AT,_T,_T,_T,PGR,PCT_POP,2016,36.14,0,
OECD:DF_GOV_CORE_RESULTS(2.0),A,PE_SWGD,BE,_T,_T,_T,PGR,PCT_POP,2016,36.88,0,
OECD:DF_GOV_CORE_RESULTS(2.0),A,PE_SWGD,CH,_T,_T,_T,PGR,PCT_POP,2016,74.37,0,
OECD:DF_GOV_CORE_RESULTS(2.0),A,PE_SWGD,CZ,_T,_T,_T,PGR,PCT_POP,2016,38.09,0,
OECD:DF_GOV_CORE_RESULTS(2.0),A,PE_SWGD,DE,_T,_T,_T,PGR,PCT_POP,2016,50.37,0,
OECD:DF_GOV_CORE_RESULTS(2.0),A,PE_SWGD,EE,_T,_T,_T,PGR,PCT_POP,2016,25.95,0,
OECD:DF_GOV_CORE_RESULTS(2.0),A,PE_SWGD,ES,_T,_T,_T,PGR,PCT_POP,2016,29.2,0,
OECD:DF_GOV_CORE_RESULTS(2.0),A,PE_SWGD,FI,_T,_T,_T,PGR,PCT_POP,2016,36.19,0,
OECD:DF_GOV_CORE_RESULTS(2.0),A,PE_SWGD,FR,_T,_T,_T,PGR,PCT_POP,2016,32,0,
OECD:DF_GOV_CORE_RESULTS(2.0),A,PE_SWGD,GB,_T,_T,_T,PGR,PCT_POP,2016,45.38,0,
OECD:DF_GOV_CORE_RESULTS(2.0),A,PE_SWGD,HU,_T,_T,_T,PGR,PCT_POP,2016,33.27,0,
OECD:DF_GOV_CORE_RESULTS(2.0),A,PE_SWGD,IE,_T,_T,_T,PGR,PCT_POP,2016,32.59,0,
OECD:DF_GOV_CORE_RESULTS(2.0),A,PE_SWGD,IL,_T,_T,_T,PGR,PCT_POP,2016,30.74,0,
OECD:DF_GOV_CORE_RESULTS(2.0),A,PE_SWGD,IS,_T,_T,_T,PGR,PCT_POP,2016,49.94,0,
OECD:DF_GOV_CORE_RESULTS(2.0),A,PE_SWGD,IT,_T,_T,_T,PGR,PCT_POP,2016,10.21,0,
OECD:DF_GOV_CORE_RESULTS(2.0),A,PE_SWGD,LT,_T,_T,_T,PGR,PCT_POP,2016,28.96,0,
OECD:DF_GOV_CORE_RESULTS(2.0),A,PE_SWGD,NL,_T,_T,_T,PGR,PCT_POP,2016,53.64,0,
OECD:DF_GOV_CORE_RESULTS(2.0),A,PE_SWGD,NO,_T,_T,_T,PGR,PCT_POP,2016,68.64,0,
OECD:DF_GOV_CORE_RESULTS(2.0),A,PE_SWGD,PL,_T,_T,_T,PGR,PCT_POP,2016,30.31,0,
OECD:DF_GOV_CORE_RESULTS(2.0),A,PE_SWGD,PT,_T,_T,_T,PGR,PCT_POP,2016,36.12,0,
OECD:DF_GOV_CORE_RESULTS(2.0),A,PE_SWGD,RU,_T,_T,_T,PGR,PCT_POP,2016,28.85,0,
OECD:DF_GOV_CORE_RESULTS(2.0),A,PE_SWGD,SE,_T,_T,_T,PGR,PCT_POP,2016,46.94,0,
OECD:DF_GOV_CORE_RESULTS(2.0),A,PE_SWGD,SI,_T,_T,_T,PGR,PCT_POP,2016,16.37,0,
OECD:DF_GOV_CORE_RESULTS(2.0),A,PE_SWGD,OECDAVG,_T,_T,_T,PGR,PCT_POP,2016,36.75,0,
OECD:DF_GOV_CORE_RESULTS(2.0),A,SAD,AT,_T,_T,_T,PGR,PCT_POP,2016,73,0,
OECD:DF_GOV_CORE_RESULTS(2.0),A,SAD,BE,_T,_T,_T,PGR,PCT_POP,2016,73.38,0,
OECD:DF_GOV_CORE_RESULTS(2.0),A,SAD,CH,_T,_T,_T,PGR,PCT_POP,2016,92.39,0,
OECD:DF_GOV_CORE_RESULTS(2.0),A,SAD,CZ,_T,_T,_T,PGR,PCT_POP,2016,66.68,0,
OECD:DF_GOV_CORE_RESULTS(2.0),A,SAD,DE,_T,_T,_T,PGR,PCT_POP,2016,74.81,0,
OECD:DF_GOV_CORE_RESULTS(2.0),A,SAD,EE,_T,_T,_T,PGR,PCT_POP,2016,65.87,0,
OECD:DF_GOV_CORE_RESULTS(2.0),A,SAD,ES,_T,_T,_T,PGR,PCT_POP,2016,55.49,0,
OECD:DF_GOV_CORE_RESULTS(2.0),A,SAD,FI,_T,_T,_T,PGR,PCT_POP,2016,79.79,0,
OECD:DF_GOV_CORE_RESULTS(2.0),A,SAD,FR,_T,_T,_T,PGR,PCT_POP,2016,49.62,0,
OECD:DF_GOV_CORE_RESULTS(2.0),A,SAD,GB,_T,_T,_T,PGR,PCT_POP,2016,68.85,0,
OECD:DF_GOV_CORE_RESULTS(2.0),A,SAD,HU,_T,_T,_T,PGR,PCT_POP,2016,62.47,0,
OECD:DF_GOV_CORE_RESULTS(2.0),A,SAD,IE,_T,_T,_T,PGR,PCT_POP,2016,73.09,0,
OECD:DF_GOV_CORE_RESULTS(2.0),A,SAD,IL,_T,_T,_T,PGR,PCT_POP,2016,64.36,0,
OECD:DF_GOV_CORE_RESULTS(2.0),A,SAD,IS,_T,_T,_T,PGR,PCT_POP,2016,74.78,0,
OECD:DF_GOV_CORE_RESULTS(2.0),A,SAD,IT,_T,_T,_T,PGR,PCT_POP,2016,49.64,0,
OECD:DF_GOV_CORE_RESULTS(2.0),A,SAD,LT,_T,_T,_T,PGR,PCT_POP,2016,59.28,0,
OECD:DF_GOV_CORE_RESULTS(2.0),A,SAD,NL,_T,_T,_T,PGR,PCT_POP,2016,84.55,0,
OECD:DF_GOV_CORE_RESULTS(2.0),A,SAD,NO,_T,_T,_T,PGR,PCT_POP,2016,91.25,0,
OECD:DF_GOV_CORE_RESULTS(2.0),A,SAD,PL,_T,_T,_T,PGR,PCT_POP,2016,58.55,0,
OECD:DF_GOV_CORE_RESULTS(2.0),A,SAD,PT,_T,_T,_T,PGR,PCT_POP,2016,63.48,0,
OECD:DF_GOV_CORE_RESULTS(2.0),A,SAD,SE,_T,_T,_T,PGR,PCT_POP,2016,82.01,0,
OECD:DF_GOV_CORE_RESULTS(2.0),A,SAD,SI,_T,_T,_T,PGR,PCT_POP,2016,42.62,0,
OECD:DF_GOV_CORE_RESULTS(2.0),A,SAD,OECDAVG,_T,_T,_T,PGR,PCT_POP,2016,68.45,0,
OECD:DF_GOV_CORE_RESULTS(2.0),A,TRP,AT,_T,_T,_T,PGR,PCT_POP,2016,64.11,0,
OECD:DF_GOV_CORE_RESULTS(2.0),A,TRP,BE,_T,_T,_T,PGR,PCT_POP,2016,63.41,0,
OECD:DF_GOV_CORE_RESULTS(2.0),A,TRP,CH,_T,_T,_T,PGR,PCT_POP,2016,87.15,0,
OECD:DF_GOV_CORE_RESULTS(2.0),A,TRP,CZ,_T,_T,_T,PGR,PCT_POP,2016,50.72,0,
OECD:DF_GOV_CORE_RESULTS(2.0),A,TRP,DE,_T,_T,_T,PGR,PCT_POP,2016,67.38,0,
OECD:DF_GOV_CORE_RESULTS(2.0),A,TRP,EE,_T,_T,_T,PGR,PCT_POP,2016,55.72,0,
OECD:DF_GOV_CORE_RESULTS(2.0),A,TRP,ES,_T,_T,_T,PGR,PCT_POP,2016,50.44,0,
OECD:DF_GOV_CORE_RESULTS(2.0),A,TRP,FI,_T,_T,_T,PGR,PCT_POP,2016,73.82,0,
OECD:DF_GOV_CORE_RESULTS(2.0),A,TRP,FR,_T,_T,_T,PGR,PCT_POP,2016,48.57,0,
OECD:DF_GOV_CORE_RESULTS(2.0),A,TRP,GB,_T,_T,_T,PGR,PCT_POP,2016,57.34,0,
OECD:DF_GOV_CORE_RESULTS(2.0),A,TRP,HU,_T,_T,_T,PGR,PCT_POP,2016,56.59,0,
OECD:DF_GOV_CORE_RESULTS(2.0),A,TRP,IE,_T,_T,_T,PGR,PCT_POP,2016,56.97,0,
OECD:DF_GOV_CORE_RESULTS(2.0),A,TRP,IL,_T,_T,_T,PGR,PCT_POP,2016,51.19,0,
OECD:DF_GOV_CORE_RESULTS(2.0),A,TRP,IS,_T,_T,_T,PGR,PCT_POP,2016,66.27,0,
OECD:DF_GOV_CORE_RESULTS(2.0),A,TRP,IT,_T,_T,_T,PGR,PCT_POP,2016,37.08,0,
OECD:DF_GOV_CORE_RESULTS(2.0),A,TRP,LT,_T,_T,_T,PGR,PCT_POP,2016,44.22,0,
OECD:DF_GOV_CORE_RESULTS(2.0),A,TRP,NL,_T,_T,_T,PGR,PCT_POP,2016,76.41,0,
OECD:DF_GOV_CORE_RESULTS(2.0),A,TRP,NO,_T,_T,_T,PGR,PCT_POP,2016,87.25,0,
OECD:DF_GOV_CORE_RESULTS(2.0),A,TRP,PL,_T,_T,_T,PGR,PCT_POP,2016,37.3,0,
OECD:DF_GOV_CORE_RESULTS(2.0),A,TRP,PT,_T,_T,_T,PGR,PCT_POP,2016,45.77,0,
OECD:DF_GOV_CORE_RESULTS(2.0),A,TRP,SE,_T,_T,_T,PGR,PCT_POP,2016,76.34,0,
OECD:DF_GOV_CORE_RESULTS(2.0),A,TRP,SI,_T,_T,_T,PGR,PCT_POP,2016,35.04,0,
OECD:DF_GOV_CORE_RESULTS(2.0),A,TRP,OECDAVG,_T,_T,_T,PGR,PCT_POP,2016,58.6,0,
OECD:DF_GOV_CORE_RESULTS(2.0),A,INEQ_G_BTAXTR,AT,_T,_T,_T,RIW,GINI,2016,0.5,0,
OECD:DF_GOV_CORE_RESULTS(2.0),A,INEQ_G_BTAXTR,AU,_T,_T,_T,RIW,GINI,2016,0.47,0,
OECD:DF_GOV_CORE_RESULTS(2.0),A,INEQ_G_BTAXTR,BE,_T,_T,_T,RIW,GINI,2016,0.5,0,
OECD:DF_GOV_CORE_RESULTS(2.0),A,INEQ_G_BTAXTR,CA,_T,_T,_T,RIW,GINI,2016,0.44,0,
OECD:DF_GOV_CORE_RESULTS(2.0),A,INEQ_G_BTAXTR,CH,_T,_T,_T,RIW,GINI,2016,0.39,0,
OECD:DF_GOV_CORE_RESULTS(2.0),A,INEQ_G_BTAXTR,CL,_T,_T,_T,RIW,GINI,2016,0.5,0,
OECD:DF_GOV_CORE_RESULTS(2.0),A,INEQ_G_BTAXTR,CZ,_T,_T,_T,RIW,GINI,2016,0.45,0,
OECD:DF_GOV_CORE_RESULTS(2.0),A,INEQ_G_BTAXTR,DE,_T,_T,_T,RIW,GINI,2016,0.51,0,
OECD:DF_GOV_CORE_RESULTS(2.0),A,INEQ_G_BTAXTR,DK,_T,_T,_T,RIW,GINI,2016,0.45,0,
OECD:DF_GOV_CORE_RESULTS(2.0),A,INEQ_G_BTAXTR,EE,_T,_T,_T,RIW,GINI,2016,0.46,0,
OECD:DF_GOV_CORE_RESULTS(2.0),A,INEQ_G_BTAXTR,ES,_T,_T,_T,RIW,GINI,2016,0.52,0,
OECD:DF_GOV_CORE_RESULTS(2.0),A,INEQ_G_BTAXTR,FI,_T,_T,_T,RIW,GINI,2016,0.51,0,
OECD:DF_GOV_CORE_RESULTS(2.0),A,INEQ_G_BTAXTR,FR,_T,_T,_T,RIW,GINI,2016,0.52,0,
OECD:DF_GOV_CORE_RESULTS(2.0),A,INEQ_G_BTAXTR,GB,_T,_T,_T,RIW,GINI,2016,0.51,0,
OECD:DF_GOV_CORE_RESULTS(2.0),A,INEQ_G_BTAXTR,GR,_T,_T,_T,RIW,GINI,2016,0.54,0,
OECD:DF_GOV_CORE_RESULTS(2.0),A,INEQ_G_BTAXTR,HU,_T,_T,_T,RIW,GINI,2016,0.49,0,
OECD:DF_GOV_CORE_RESULTS(2.0),A,INEQ_G_BTAXTR,IE,_T,_T,_T,RIW,GINI,2016,0.54,0,
OECD:DF_GOV_CORE_RESULTS(2.0),A,INEQ_G_BTAXTR,IL,_T,_T,_T,RIW,GINI,2016,0.44,0,
OECD:DF_GOV_CORE_RESULTS(2.0),A,INEQ_G_BTAXTR,IS,_T,_T,_T,RIW,GINI,2016,0.39,0,
OECD:DF_GOV_CORE_RESULTS(2.0),A,INEQ_G_BTAXTR,IT,_T,_T,_T,RIW,GINI,2016,0.52,0,
OECD:DF_GOV_CORE_RESULTS(2.0),A,INEQ_G_BTAXTR,JP,_T,_T,_T,RIW,GINI,2016,0.5,0,
OECD:DF_GOV_CORE_RESULTS(2.0),A,INEQ_G_BTAXTR,KR,_T,_T,_T,RIW,GINI,2016,0.41,0,
OECD:DF_GOV_CORE_RESULTS(2.0),A,INEQ_G_BTAXTR,LT,_T,_T,_T,RIW,GINI,2016,0.52,0,
OECD:DF_GOV_CORE_RESULTS(2.0),A,INEQ_G_BTAXTR,LU,_T,_T,_T,RIW,GINI,2016,0.48,0,
OECD:DF_GOV_CORE_RESULTS(2.0),A,INEQ_G_BTAXTR,LV,_T,_T,_T,RIW,GINI,2016,0.48,0,
OECD:DF_GOV_CORE_RESULTS(2.0),A,INEQ_G_BTAXTR,MX,_T,_T,_T,RIW,GINI,2016,0.47,0,
OECD:DF_GOV_CORE_RESULTS(2.0),A,INEQ_G_BTAXTR,NL,_T,_T,_T,RIW,GINI,2016,0.45,0,
OECD:DF_GOV_CORE_RESULTS(2.0),A,INEQ_G_BTAXTR,NO,_T,_T,_T,RIW,GINI,2016,0.43,0,
OECD:DF_GOV_CORE_RESULTS(2.0),A,INEQ_G_BTAXTR,NZ,_T,_T,_T,RIW,GINI,2016,0.46,0,
OECD:DF_GOV_CORE_RESULTS(2.0),A,INEQ_G_BTAXTR,PL,_T,_T,_T,RIW,GINI,2016,0.46,0,
OECD:DF_GOV_CORE_RESULTS(2.0),A,INEQ_G_BTAXTR,PT,_T,_T,_T,RIW,GINI,2016,0.53,0,
OECD:DF_GOV_CORE_RESULTS(2.0),A,INEQ_G_BTAXTR,SE,_T,_T,_T,RIW,GINI,2016,0.43,0,
OECD:DF_GOV_CORE_RESULTS(2.0),A,INEQ_G_BTAXTR,SI,_T,_T,_T,RIW,GINI,2016,0.45,0,
OECD:DF_GOV_CORE_RESULTS(2.0),A,INEQ_G_BTAXTR,SK,_T,_T,_T,RIW,GINI,2016,0.4,0,
OECD:DF_GOV_CORE_RESULTS(2.0),A,INEQ_G_BTAXTR,TR,_T,_T,_T,RIW,GINI,2016,0.43,0,
OECD:DF_GOV_CORE_RESULTS(2.0),A,INEQ_G_BTAXTR,US,_T,_T,_T,RIW,GINI,2016,0.51,0,
OECD:DF_GOV_CORE_RESULTS(2.0),A,INEQ_G_BTAXTR,OECDAVG,_T,_T,_T,RIW,GINI,2016,0.47,0,
OECD:DF_GOV_CORE_RESULTS(2.0),A,INEQ_G_ATAXTR,AT,_T,_T,_T,RIW,GINI,2016,0.28,0,
OECD:DF_GOV_CORE_RESULTS(2.0),A,INEQ_G_ATAXTR,AU,_T,_T,_T,RIW,GINI,2016,0.33,0,
OECD:DF_GOV_CORE_RESULTS(2.0),A,INEQ_G_ATAXTR,BE,_T,_T,_T,RIW,GINI,2016,0.27,0,
OECD:DF_GOV_CORE_RESULTS(2.0),A,INEQ_G_ATAXTR,CA,_T,_T,_T,RIW,GINI,2016,0.31,0,
OECD:DF_GOV_CORE_RESULTS(2.0),A,INEQ_G_ATAXTR,CH,_T,_T,_T,RIW,GINI,2016,0.3,0,
OECD:DF_GOV_CORE_RESULTS(2.0),A,INEQ_G_ATAXTR,CL,_T,_T,_T,RIW,GINI,2016,0.46,0,
OECD:DF_GOV_CORE_RESULTS(2.0),A,INEQ_G_ATAXTR,CZ,_T,_T,_T,RIW,GINI,2016,0.25,0,
OECD:DF_GOV_CORE_RESULTS(2.0),A,INEQ_G_ATAXTR,DE,_T,_T,_T,RIW,GINI,2016,0.29,0,
OECD:DF_GOV_CORE_RESULTS(2.0),A,INEQ_G_ATAXTR,DK,_T,_T,_T,RIW,GINI,2016,0.26,0,
OECD:DF_GOV_CORE_RESULTS(2.0),A,INEQ_G_ATAXTR,EE,_T,_T,_T,RIW,GINI,2016,0.31,0,
OECD:DF_GOV_CORE_RESULTS(2.0),A,INEQ_G_ATAXTR,ES,_T,_T,_T,RIW,GINI,2016,0.34,0,
OECD:DF_GOV_CORE_RESULTS(2.0),A,INEQ_G_ATAXTR,FI,_T,_T,_T,RIW,GINI,2016,0.27,0,
OECD:DF_GOV_CORE_RESULTS(2.0),A,INEQ_G_ATAXTR,FR,_T,_T,_T,RIW,GINI,2016,0.29,0,
OECD:DF_GOV_CORE_RESULTS(2.0),A,INEQ_G_ATAXTR,GB,_T,_T,_T,RIW,GINI,2016,0.36,0,
OECD:DF_GOV_CORE_RESULTS(2.0),A,INEQ_G_ATAXTR,GR,_T,_T,_T,RIW,GINI,2016,0.33,0,
OECD:DF_GOV_CORE_RESULTS(2.0),A,INEQ_G_ATAXTR,HU,_T,_T,_T,RIW,GINI,2016,0.28,0,
OECD:DF_GOV_CORE_RESULTS(2.0),A,INEQ_G_ATAXTR,IE,_T,_T,_T,RIW,GINI,2016,0.31,0,
OECD:DF_GOV_CORE_RESULTS(2.0),A,INEQ_G_ATAXTR,IL,_T,_T,_T,RIW,GINI,2016,0.34,0,
OECD:DF_GOV_CORE_RESULTS(2.0),A,INEQ_G_ATAXTR,IS,_T,_T,_T,RIW,GINI,2016,0.26,0,
OECD:DF_GOV_CORE_RESULTS(2.0),A,INEQ_G_ATAXTR,IT,_T,_T,_T,RIW,GINI,2016,0.33,0,
OECD:DF_GOV_CORE_RESULTS(2.0),A,INEQ_G_ATAXTR,JP,_T,_T,_T,RIW,GINI,2016,0.34,0,
OECD:DF_GOV_CORE_RESULTS(2.0),A,INEQ_G_ATAXTR,KR,_T,_T,_T,RIW,GINI,2016,0.36,0,
OECD:DF_GOV_CORE_RESULTS(2.0),A,INEQ_G_ATAXTR,LT,_T,_T,_T,RIW,GINI,2016,0.38,0,
OECD:DF_GOV_CORE_RESULTS(2.0),A,INEQ_G_ATAXTR,LU,_T,_T,_T,RIW,GINI,2016,0.3,0,
OECD:DF_GOV_CORE_RESULTS(2.0),A,INEQ_G_ATAXTR,LV,_T,_T,_T,RIW,GINI,2016,0.35,0,
OECD:DF_GOV_CORE_RESULTS(2.0),A,INEQ_G_ATAXTR,MX,_T,_T,_T,RIW,GINI,2016,0.46,0,
OECD:DF_GOV_CORE_RESULTS(2.0),A,INEQ_G_ATAXTR,NL,_T,_T,_T,RIW,GINI,2016,0.28,0,
OECD:DF_GOV_CORE_RESULTS(2.0),A,INEQ_G_ATAXTR,NO,_T,_T,_T,RIW,GINI,2016,0.26,0,
OECD:DF_GOV_CORE_RESULTS(2.0),A,INEQ_G_ATAXTR,NZ,_T,_T,_T,RIW,GINI,2016,0.35,0,
OECD:DF_GOV_CORE_RESULTS(2.0),A,INEQ_G_ATAXTR,PL,_T,_T,_T,RIW,GINI,2016,0.28,0,
OECD:DF_GOV_CORE_RESULTS(2.0),A,INEQ_G_ATAXTR,PT,_T,_T,_T,RIW,GINI,2016,0.33,0,
OECD:DF_GOV_CORE_RESULTS(2.0),A,INEQ_G_ATAXTR,SE,_T,_T,_T,RIW,GINI,2016,0.28,0,
OECD:DF_GOV_CORE_RESULTS(2.0),A,INEQ_G_ATAXTR,SI,_T,_T,_T,RIW,GINI,2016,0.24,0,
OECD:DF_GOV_CORE_RESULTS(2.0),A,INEQ_G_ATAXTR,SK,_T,_T,_T,RIW,GINI,2016,0.24,0,
OECD:DF_GOV_CORE_RESULTS(2.0),A,INEQ_G_ATAXTR,TR,_T,_T,_T,RIW,GINI,2016,0.4,0,
OECD:DF_GOV_CORE_RESULTS(2.0),A,INEQ_G_ATAXTR,US,_T,_T,_T,RIW,GINI,2016,0.39,0,
OECD:DF_GOV_CORE_RESULTS(2.0),A,INEQ_G_ATAXTR,OECDAVG,_T,_T,_T,RIW,GINI,2016,0.32,0,
OECD:DF_GOV_CORE_RESULTS(2.0),A,HI_TOP10,AT,_T,_T,_T,RIW,PCT_HH_INCOME,2015,21.89,0,
OECD:DF_GOV_CORE_RESULTS(2.0),A,HI_TOP10,AU,_T,_T,_T,RIW,PCT_HH_INCOME,2015,26.07,0,
OECD:DF_GOV_CORE_RESULTS(2.0),A,HI_TOP10,BE,_T,_T,_T,RIW,PCT_HH_INCOME,2015,20.94,0,
OECD:DF_GOV_CORE_RESULTS(2.0),A,HI_TOP10,CA,_T,_T,_T,RIW,PCT_HH_INCOME,2015,23.93,0,
OECD:DF_GOV_CORE_RESULTS(2.0),A,HI_TOP10,CL,_T,_T,_T,RIW,PCT_HH_INCOME,2015,36.01,0,
OECD:DF_GOV_CORE_RESULTS(2.0),A,HI_TOP10,DE,_T,_T,_T,RIW,PCT_HH_INCOME,2015,23.2,0,
OECD:DF_GOV_CORE_RESULTS(2.0),A,HI_TOP10,DK,_T,_T,_T,RIW,PCT_HH_INCOME,2015,22.02,0,
OECD:DF_GOV_CORE_RESULTS(2.0),A,HI_TOP10,EE,_T,_T,_T,RIW,PCT_HH_INCOME,2015,23.69,0,
OECD:DF_GOV_CORE_RESULTS(2.0),A,HI_TOP10,ES,_T,_T,_T,RIW,PCT_HH_INCOME,2015,24.99,0,
OECD:DF_GOV_CORE_RESULTS(2.0),A,HI_TOP10,FI,_T,_T,_T,RIW,PCT_HH_INCOME,2015,21.73,0,
OECD:DF_GOV_CORE_RESULTS(2.0),A,HI_TOP10,FR,_T,_T,_T,RIW,PCT_HH_INCOME,2015,24.38,0,
OECD:DF_GOV_CORE_RESULTS(2.0),A,HI_TOP10,GB,_T,_T,_T,RIW,PCT_HH_INCOME,2015,27.66,0,
OECD:DF_GOV_CORE_RESULTS(2.0),A,HI_TOP10,GR,_T,_T,_T,RIW,PCT_HH_INCOME,2015,25.08,0,
OECD:DF_GOV_CORE_RESULTS(2.0),A,HI_TOP10,HU,_T,_T,_T,RIW,PCT_HH_INCOME,2015,22.48,0,
OECD:DF_GOV_CORE_RESULTS(2.0),A,HI_TOP10,IE,_T,_T,_T,RIW,PCT_HH_INCOME,2015,23.51,0,
OECD:DF_GOV_CORE_RESULTS(2.0),A,HI_TOP10,IT,_T,_T,_T,RIW,PCT_HH_INCOME,2015,24.43,0,
OECD:DF_GOV_CORE_RESULTS(2.0),A,HI_TOP10,JP,_T,_T,_T,RIW,PCT_HH_INCOME,2015,23.98,0,
OECD:DF_GOV_CORE_RESULTS(2.0),A,HI_TOP10,LU,_T,_T,_T,RIW,PCT_HH_INCOME,2015,23.7,0,
OECD:DF_GOV_CORE_RESULTS(2.0),A,HI_TOP10,LV,_T,_T,_T,RIW,PCT_HH_INCOME,2015,25.03,0,
OECD:DF_GOV_CORE_RESULTS(2.0),A,HI_TOP10,NL,_T,_T,_T,RIW,PCT_HH_INCOME,2015,22.98,0,
OECD:DF_GOV_CORE_RESULTS(2.0),A,HI_TOP10,NO,_T,_T,_T,RIW,PCT_HH_INCOME,2015,22.51,0,
OECD:DF_GOV_CORE_RESULTS(2.0),A,HI_TOP10,NZ,_T,_T,_T,RIW,PCT_HH_INCOME,2015,27.49,0,
OECD:DF_GOV_CORE_RESULTS(2.0),A,HI_TOP10,PL,_T,_T,_T,RIW,PCT_HH_INCOME,2015,22.31,0,
OECD:DF_GOV_CORE_RESULTS(2.0),A,HI_TOP10,PT,_T,_T,_T,RIW,PCT_HH_INCOME,2015,25.72,0,
OECD:DF_GOV_CORE_RESULTS(2.0),A,HI_TOP10,SI,_T,_T,_T,RIW,PCT_HH_INCOME,2015,20.12,0,
OECD:DF_GOV_CORE_RESULTS(2.0),A,HI_TOP10,SK,_T,_T,_T,RIW,PCT_HH_INCOME,2015,20.01,0,
OECD:DF_GOV_CORE_RESULTS(2.0),A,HI_TOP10,US,_T,_T,_T,RIW,PCT_HH_INCOME,2015,28.91,0,
OECD:DF_GOV_CORE_RESULTS(2.0),A,HI_TOP10,OECDAVG,_T,_T,_T,RIW,PCT_HH_INCOME,2015,24.29,0,
OECD:DF_GOV_CORE_RESULTS(2.0),A,HW_TOP10,AT,_T,_T,_T,RIW,PCT_HH_WEALTH,2015,55.59,0,
OECD:DF_GOV_CORE_RESULTS(2.0),A,HW_TOP10,AU,_T,_T,_T,RIW,PCT_HH_WEALTH,2015,46.47,0,
OECD:DF_GOV_CORE_RESULTS(2.0),A,HW_TOP10,BE,_T,_T,_T,RIW,PCT_HH_WEALTH,2015,42.5,0,
OECD:DF_GOV_CORE_RESULTS(2.0),A,HW_TOP10,CA,_T,_T,_T,RIW,PCT_HH_WEALTH,2015,51.08,0,
OECD:DF_GOV_CORE_RESULTS(2.0),A,HW_TOP10,CL,_T,_T,_T,RIW,PCT_HH_WEALTH,2015,57.71,0,
OECD:DF_GOV_CORE_RESULTS(2.0),A,HW_TOP10,DE,_T,_T,_T,RIW,PCT_HH_WEALTH,2015,59.76,0,
OECD:DF_GOV_CORE_RESULTS(2.0),A,HW_TOP10,DK,_T,_T,_T,RIW,PCT_HH_WEALTH,2015,63.98,0,
OECD:DF_GOV_CORE_RESULTS(2.0),A,HW_TOP10,EE,_T,_T,_T,RIW,PCT_HH_WEALTH,2015,55.71,0,
OECD:DF_GOV_CORE_RESULTS(2.0),A,HW_TOP10,ES,_T,_T,_T,RIW,PCT_HH_WEALTH,2015,45.58,0,
OECD:DF_GOV_CORE_RESULTS(2.0),A,HW_TOP10,FI,_T,_T,_T,RIW,PCT_HH_WEALTH,2015,45.23,0,
OECD:DF_GOV_CORE_RESULTS(2.0),A,HW_TOP10,FR,_T,_T,_T,RIW,PCT_HH_WEALTH,2015,50.59,0,
OECD:DF_GOV_CORE_RESULTS(2.0),A,HW_TOP10,GB,_T,_T,_T,RIW,PCT_HH_WEALTH,2015,51.99,0,
OECD:DF_GOV_CORE_RESULTS(2.0),A,HW_TOP10,GR,_T,_T,_T,RIW,PCT_HH_WEALTH,2015,42.42,0,
OECD:DF_GOV_CORE_RESULTS(2.0),A,HW_TOP10,HU,_T,_T,_T,RIW,PCT_HH_WEALTH,2015,48.48,0,
OECD:DF_GOV_CORE_RESULTS(2.0),A,HW_TOP10,IE,_T,_T,_T,RIW,PCT_HH_WEALTH,2015,53.79,0,
OECD:DF_GOV_CORE_RESULTS(2.0),A,HW_TOP10,IT,_T,_T,_T,RIW,PCT_HH_WEALTH,2015,42.78,0,
OECD:DF_GOV_CORE_RESULTS(2.0),A,HW_TOP10,JP,_T,_T,_T,RIW,PCT_HH_WEALTH,2015,41.02,0,
OECD:DF_GOV_CORE_RESULTS(2.0),A,HW_TOP10,LU,_T,_T,_T,RIW,PCT_HH_WEALTH,2015,48.67,0,
OECD:DF_GOV_CORE_RESULTS(2.0),A,HW_TOP10,LV,_T,_T,_T,RIW,PCT_HH_WEALTH,2015,63.38,0,
OECD:DF_GOV_CORE_RESULTS(2.0),A,HW_TOP10,NL,_T,_T,_T,RIW,PCT_HH_WEALTH,2015,68.35,0,
OECD:DF_GOV_CORE_RESULTS(2.0),A,HW_TOP10,NO,_T,_T,_T,RIW,PCT_HH_WEALTH,2015,51.45,0,
OECD:DF_GOV_CORE_RESULTS(2.0),A,HW_TOP10,NZ,_T,_T,_T,RIW,PCT_HH_WEALTH,2015,52.94,0,
OECD:DF_GOV_CORE_RESULTS(2.0),A,HW_TOP10,PL,_T,_T,_T,RIW,PCT_HH_WEALTH,2015,41.84,0,
OECD:DF_GOV_CORE_RESULTS(2.0),A,HW_TOP10,PT,_T,_T,_T,RIW,PCT_HH_WEALTH,2015,52.13,0,
OECD:DF_GOV_CORE_RESULTS(2.0),A,HW_TOP10,SI,_T,_T,_T,RIW,PCT_HH_WEALTH,2015,48.62,0,
OECD:DF_GOV_CORE_RESULTS(2.0),A,HW_TOP10,SK,_T,_T,_T,RIW,PCT_HH_WEALTH,2015,34.33,0,
OECD:DF_GOV_CORE_RESULTS(2.0),A,HW_TOP10,US,_T,_T,_T,RIW,PCT_HH_WEALTH,2015,79.47,0,
OECD:DF_GOV_CORE_RESULTS(2.0),A,HW_TOP10,OECDAVG,_T,_T,_T,RIW,PCT_HH_WEALTH,2015,51.7,0,
OECD:DF_GOV_CORE_RESULTS(2.0),A,PI_IA,AT,_T,_T,_T,RIW,PCT_POP,2015,25.1,0,
OECD:DF_GOV_CORE_RESULTS(2.0),A,PI_IA,AU,_T,_T,_T,RIW,PCT_POP,2015,46.7,0,
OECD:DF_GOV_CORE_RESULTS(2.0),A,PI_IA,BE,_T,_T,_T,RIW,PCT_POP,2015,36.1,0,
OECD:DF_GOV_CORE_RESULTS(2.0),A,PI_IA,CA,_T,_T,_T,RIW,PCT_POP,2015,44,0,
OECD:DF_GOV_CORE_RESULTS(2.0),A,PI_IA,CL,_T,_T,_T,RIW,PCT_POP,2015,74.8,0,
OECD:DF_GOV_CORE_RESULTS(2.0),A,PI_IA,DE,_T,_T,_T,RIW,PCT_POP,2015,42.4,0,
OECD:DF_GOV_CORE_RESULTS(2.0),A,PI_IA,DK,_T,_T,_T,RIW,PCT_POP,2015,37.1,0,
OECD:DF_GOV_CORE_RESULTS(2.0),A,PI_IA,EE,_T,_T,_T,RIW,PCT_POP,2015,55.5,0,
OECD:DF_GOV_CORE_RESULTS(2.0),A,PI_IA,ES,_T,_T,_T,RIW,PCT_POP,2015,45.5,0,
OECD:DF_GOV_CORE_RESULTS(2.0),A,PI_IA,FI,_T,_T,_T,RIW,PCT_POP,2015,41.7,0,
OECD:DF_GOV_CORE_RESULTS(2.0),A,PI_IA,FR,_T,_T,_T,RIW,PCT_POP,2015,40.5,0,
OECD:DF_GOV_CORE_RESULTS(2.0),A,PI_IA,GB,_T,_T,_T,RIW,PCT_POP,2015,41.9,0,
OECD:DF_GOV_CORE_RESULTS(2.0),A,PI_IA,GR,_T,_T,_T,RIW,PCT_POP,2015,67,0,
OECD:DF_GOV_CORE_RESULTS(2.0),A,PI_IA,HU,_T,_T,_T,RIW,PCT_POP,2015,43,0,
OECD:DF_GOV_CORE_RESULTS(2.0),A,PI_IA,IE,_T,_T,_T,RIW,PCT_POP,2015,58.2,0,
OECD:DF_GOV_CORE_RESULTS(2.0),A,PI_IA,IT,_T,_T,_T,RIW,PCT_POP,2015,38.7,0,
OECD:DF_GOV_CORE_RESULTS(2.0),A,PI_IA,JP,_T,_T,_T,RIW,PCT_POP,2015,17.3,0,
OECD:DF_GOV_CORE_RESULTS(2.0),A,PI_IA,KR,_T,_T,_T,RIW,PCT_POP,2015,9,0,
OECD:DF_GOV_CORE_RESULTS(2.0),A,PI_IA,LU,_T,_T,_T,RIW,PCT_POP,2015,40.5,0,
OECD:DF_GOV_CORE_RESULTS(2.0),A,PI_IA,LV,_T,_T,_T,RIW,PCT_POP,2015,82.6,0,
OECD:DF_GOV_CORE_RESULTS(2.0),A,PI_IA,NL,_T,_T,_T,RIW,PCT_POP,2015,33,0,
OECD:DF_GOV_CORE_RESULTS(2.0),A,PI_IA,NO,_T,_T,_T,RIW,PCT_POP,2015,26.9,0,
OECD:DF_GOV_CORE_RESULTS(2.0),A,PI_IA,NZ,_T,_T,_T,RIW,PCT_POP,2015,62.7,0,
OECD:DF_GOV_CORE_RESULTS(2.0),A,PI_IA,PL,_T,_T,_T,RIW,PCT_POP,2015,63.7,0,
OECD:DF_GOV_CORE_RESULTS(2.0),A,PI_IA,PT,_T,_T,_T,RIW,PCT_POP,2015,45.9,0,
OECD:DF_GOV_CORE_RESULTS(2.0),A,PI_IA,SI,_T,_T,_T,RIW,PCT_POP,2015,67.9,0,
OECD:DF_GOV_CORE_RESULTS(2.0),A,PI_IA,SK,_T,_T,_T,RIW,PCT_POP,2015,56,0,
OECD:DF_GOV_CORE_RESULTS(2.0),A,PI_IA,US,_T,_T,_T,RIW,PCT_POP,2015,53.5,0,
OECD:DF_GOV_CORE_RESULTS(2.0),A,PI_IA,OECDAVG,_T,_T,_T,RIW,PCT_POP,2015,10.6,0,
OECD:DF_GOV_CORE_RESULTS(2.0),A,PI_I,AT,_T,_T,_T,RIW,PCT_POP,2015,6.4,0,
OECD:DF_GOV_CORE_RESULTS(2.0),A,PI_I,AU,_T,_T,_T,RIW,PCT_POP,2015,8.3,0,
OECD:DF_GOV_CORE_RESULTS(2.0),A,PI_I,BE,_T,_T,_T,RIW,PCT_POP,2015,10.9,0,
OECD:DF_GOV_CORE_RESULTS(2.0),A,PI_I,CA,_T,_T,_T,RIW,PCT_POP,2015,11,0,
OECD:DF_GOV_CORE_RESULTS(2.0),A,PI_I,CL,_T,_T,_T,RIW,PCT_POP,2015,22.2,0,
OECD:DF_GOV_CORE_RESULTS(2.0),A,PI_I,DE,_T,_T,_T,RIW,PCT_POP,2015,11.4,0,
OECD:DF_GOV_CORE_RESULTS(2.0),A,PI_I,DK,_T,_T,_T,RIW,PCT_POP,2015,6.3,0,
OECD:DF_GOV_CORE_RESULTS(2.0),A,PI_I,EE,_T,_T,_T,RIW,PCT_POP,2015,15.9,0,
OECD:DF_GOV_CORE_RESULTS(2.0),A,PI_I,ES,_T,_T,_T,RIW,PCT_POP,2015,12.9,0,
OECD:DF_GOV_CORE_RESULTS(2.0),A,PI_I,FI,_T,_T,_T,RIW,PCT_POP,2015,4.9,0,
OECD:DF_GOV_CORE_RESULTS(2.0),A,PI_I,FR,_T,_T,_T,RIW,PCT_POP,2015,8.4,0,
OECD:DF_GOV_CORE_RESULTS(2.0),A,PI_I,GB,_T,_T,_T,RIW,PCT_POP,2015,10.4,0,
OECD:DF_GOV_CORE_RESULTS(2.0),A,PI_I,GR,_T,_T,_T,RIW,PCT_POP,2015,11.6,0,
OECD:DF_GOV_CORE_RESULTS(2.0),A,PI_I,HU,_T,_T,_T,RIW,PCT_POP,2015,10.4,0,
OECD:DF_GOV_CORE_RESULTS(2.0),A,PI_I,IE,_T,_T,_T,RIW,PCT_POP,2015,11.5,0,
OECD:DF_GOV_CORE_RESULTS(2.0),A,PI_I,IT,_T,_T,_T,RIW,PCT_POP,2015,11.8,0,
OECD:DF_GOV_CORE_RESULTS(2.0),A,PI_I,JP,_T,_T,_T,RIW,PCT_POP,2015,3.8,0,
OECD:DF_GOV_CORE_RESULTS(2.0),A,PI_I,KR,_T,_T,_T,RIW,PCT_POP,2015,4.7,0,
OECD:DF_GOV_CORE_RESULTS(2.0),A,PI_I,LU,_T,_T,_T,RIW,PCT_POP,2015,9.7,0,
OECD:DF_GOV_CORE_RESULTS(2.0),A,PI_I,LV,_T,_T,_T,RIW,PCT_POP,2015,20.4,0,
OECD:DF_GOV_CORE_RESULTS(2.0),A,PI_I,NL,_T,_T,_T,RIW,PCT_POP,2015,5,0,
OECD:DF_GOV_CORE_RESULTS(2.0),A,PI_I,NO,_T,_T,_T,RIW,PCT_POP,2015,5.2,0,
OECD:DF_GOV_CORE_RESULTS(2.0),A,PI_I,NZ,_T,_T,_T,RIW,PCT_POP,2015,9.5,0,
OECD:DF_GOV_CORE_RESULTS(2.0),A,PI_I,PL,_T,_T,_T,RIW,PCT_POP,2015,11.2,0,
OECD:DF_GOV_CORE_RESULTS(2.0),A,PI_I,PT,_T,_T,_T,RIW,PCT_POP,2015,11.1,0,
OECD:DF_GOV_CORE_RESULTS(2.0),A,PI_I,SI,_T,_T,_T,RIW,PCT_POP,2015,13.8,0,
OECD:DF_GOV_CORE_RESULTS(2.0),A,PI_I,SK,_T,_T,_T,RIW,PCT_POP,2015,10.7,0,
OECD:DF_GOV_CORE_RESULTS(2.0),A,PI_I,US,_T,_T,_T,RIW,PCT_POP,2015,17,0,
OECD:DF_GOV_CORE_RESULTS(2.0),A,PI_I,OECDAVG,_T,_T,_T,RIW,PCT_POP,2015,3.5,0,
OECD:DF_GOV_CORE_RESULTS(2.0),A,PIEV,AT,_T,_T,_T,RIW,PCT_POP,2015,3.2,0,
OECD:DF_GOV_CORE_RESULTS(2.0),A,PIEV,AU,_T,_T,_T,RIW,PCT_POP,2015,4.6,0,
OECD:DF_GOV_CORE_RESULTS(2.0),A,PIEV,BE,_T,_T,_T,RIW,PCT_POP,2015,3.7,0,
OECD:DF_GOV_CORE_RESULTS(2.0),A,PIEV,CA,_T,_T,_T,RIW,PCT_POP,2015,4,0,
OECD:DF_GOV_CORE_RESULTS(2.0),A,PIEV,CL,_T,_T,_T,RIW,PCT_POP,2015,2.7,0,
OECD:DF_GOV_CORE_RESULTS(2.0),A,PIEV,DE,_T,_T,_T,RIW,PCT_POP,2015,4.4,0,
OECD:DF_GOV_CORE_RESULTS(2.0),A,PIEV,DK,_T,_T,_T,RIW,PCT_POP,2015,1,0,
OECD:DF_GOV_CORE_RESULTS(2.0),A,PIEV,EE,_T,_T,_T,RIW,PCT_POP,2015,6.4,0,
OECD:DF_GOV_CORE_RESULTS(2.0),A,PIEV,ES,_T,_T,_T,RIW,PCT_POP,2015,4.5,0,
OECD:DF_GOV_CORE_RESULTS(2.0),A,PIEV,FI,_T,_T,_T,RIW,PCT_POP,2015,2.1,0,
OECD:DF_GOV_CORE_RESULTS(2.0),A,PIEV,FR,_T,_T,_T,RIW,PCT_POP,2015,2.6,0,
OECD:DF_GOV_CORE_RESULTS(2.0),A,PIEV,GB,_T,_T,_T,RIW,PCT_POP,2015,4.1,0,
OECD:DF_GOV_CORE_RESULTS(2.0),A,PIEV,GR,_T,_T,_T,RIW,PCT_POP,2015,2,0,
OECD:DF_GOV_CORE_RESULTS(2.0),A,PIEV,HU,_T,_T,_T,RIW,PCT_POP,2015,4,0,
OECD:DF_GOV_CORE_RESULTS(2.0),A,PIEV,IE,_T,_T,_T,RIW,PCT_POP,2015,2.5,0,
OECD:DF_GOV_CORE_RESULTS(2.0),A,PIEV,IT,_T,_T,_T,RIW,PCT_POP,2015,2.4,0,
OECD:DF_GOV_CORE_RESULTS(2.0),A,PIEV,JP,_T,_T,_T,RIW,PCT_POP,2015,6.1,0,
OECD:DF_GOV_CORE_RESULTS(2.0),A,PIEV,KR,_T,_T,_T,RIW,PCT_POP,2015,11.6,0,
OECD:DF_GOV_CORE_RESULTS(2.0),A,PIEV,LU,_T,_T,_T,RIW,PCT_POP,2015,3.9,0,
OECD:DF_GOV_CORE_RESULTS(2.0),A,PIEV,LV,_T,_T,_T,RIW,PCT_POP,2015,1.6,0,
OECD:DF_GOV_CORE_RESULTS(2.0),A,PIEV,NL,_T,_T,_T,RIW,PCT_POP,2015,3,0,
OECD:DF_GOV_CORE_RESULTS(2.0),A,PIEV,NO,_T,_T,_T,RIW,PCT_POP,2015,2.9,0,
OECD:DF_GOV_CORE_RESULTS(2.0),A,PIEV,NZ,_T,_T,_T,RIW,PCT_POP,2015,1.4,0,
OECD:DF_GOV_CORE_RESULTS(2.0),A,PIEV,PL,_T,_T,_T,RIW,PCT_POP,2015,2.6,0,
OECD:DF_GOV_CORE_RESULTS(2.0),A,PIEV,PT,_T,_T,_T,RIW,PCT_POP,2015,4.2,0,
OECD:DF_GOV_CORE_RESULTS(2.0),A,PIEV,SI,_T,_T,_T,RIW,PCT_POP,2015,2.6,0,
OECD:DF_GOV_CORE_RESULTS(2.0),A,PIEV,SK,_T,_T,_T,RIW,PCT_POP,2015,2.1,0,
OECD:DF_GOV_CORE_RESULTS(2.0),A,PIEV,US,_T,_T,_T,RIW,PCT_POP,2015,2.1,0,
OECD:DF_GOV_CORE_RESULTS(2.0),A,PIEV,OECDAVG,_T,_T,_T,RIW,PCT_POP,2015,35.7,0,
OECD:DF_GOV_CORE_RESULTS(2.0),A,RL_LGP,AT,_T,_T,_T,ROL,INDEX,2019,0.84,0,
OECD:DF_GOV_CORE_RESULTS(2.0),A,RL_LGP,AU,_T,_T,_T,ROL,INDEX,2019,0.83,0,
OECD:DF_GOV_CORE_RESULTS(2.0),A,RL_LGP,BE,_T,_T,_T,ROL,INDEX,2019,0.83,0,
OECD:DF_GOV_CORE_RESULTS(2.0),A,RL_LGP,BR,_T,_T,_T,ROL,INDEX,2019,0.56,0,
OECD:DF_GOV_CORE_RESULTS(2.0),A,RL_LGP,CA,_T,_T,_T,ROL,INDEX,2019,0.85,0,
OECD:DF_GOV_CORE_RESULTS(2.0),A,RL_LGP,CL,_T,_T,_T,ROL,INDEX,2019,0.72,0,
OECD:DF_GOV_CORE_RESULTS(2.0),A,RL_LGP,CN,_T,_T,_T,ROL,INDEX,2019,0.33,0,
OECD:DF_GOV_CORE_RESULTS(2.0),A,RL_LGP,CO,_T,_T,_T,ROL,INDEX,2019,0.53,0,
OECD:DF_GOV_CORE_RESULTS(2.0),A,RL_LGP,CR,_T,_T,_T,ROL,INDEX,2019,0.78,0,
OECD:DF_GOV_CORE_RESULTS(2.0),A,RL_LGP,CZ,_T,_T,_T,ROL,INDEX,2019,0.73,0,
OECD:DF_GOV_CORE_RESULTS(2.0),A,RL_LGP,DE,_T,_T,_T,ROL,INDEX,2019,0.85,0,
OECD:DF_GOV_CORE_RESULTS(2.0),A,RL_LGP,DK,_T,_T,_T,ROL,INDEX,2019,0.95,0,
OECD:DF_GOV_CORE_RESULTS(2.0),A,RL_LGP,EE,_T,_T,_T,ROL,INDEX,2019,0.84,0,
OECD:DF_GOV_CORE_RESULTS(2.0),A,RL_LGP,ES,_T,_T,_T,ROL,INDEX,2019,0.72,0,
OECD:DF_GOV_CORE_RESULTS(2.0),A,RL_LGP,FI,_T,_T,_T,ROL,INDEX,2019,0.92,0,
OECD:DF_GOV_CORE_RESULTS(2.0),A,RL_LGP,FR,_T,_T,_T,ROL,INDEX,2019,0.74,0,
OECD:DF_GOV_CORE_RESULTS(2.0),A,RL_LGP,GB,_T,_T,_T,ROL,INDEX,2019,0.84,0,
OECD:DF_GOV_CORE_RESULTS(2.0),A,RL_LGP,GR,_T,_T,_T,ROL,INDEX,2019,0.69,0,
OECD:DF_GOV_CORE_RESULTS(2.0),A,RL_LGP,ID,_T,_T,_T,ROL,INDEX,2019,0.66,0,
OECD:DF_GOV_CORE_RESULTS(2.0),A,RL_LGP,IN,_T,_T,_T,ROL,INDEX,2019,0.61,0,
OECD:DF_GOV_CORE_RESULTS(2.0),A,RL_LGP,IT,_T,_T,_T,ROL,INDEX,2019,0.71,0,
OECD:DF_GOV_CORE_RESULTS(2.0),A,RL_LGP,JP,_T,_T,_T,ROL,INDEX,2019,0.71,0,
OECD:DF_GOV_CORE_RESULTS(2.0),A,RL_LGP,KR,_T,_T,_T,ROL,INDEX,2019,0.72,0,
OECD:DF_GOV_CORE_RESULTS(2.0),A,RL_LGP,MX,_T,_T,_T,ROL,INDEX,2019,0.47,0,
OECD:DF_GOV_CORE_RESULTS(2.0),A,RL_LGP,NL,_T,_T,_T,ROL,INDEX,2019,0.86,0,
OECD:DF_GOV_CORE_RESULTS(2.0),A,RL_LGP,NO,_T,_T,_T,ROL,INDEX,2019,0.94,0,
OECD:DF_GOV_CORE_RESULTS(2.0),A,RL_LGP,NZ,_T,_T,_T,ROL,INDEX,2019,0.85,0,
OECD:DF_GOV_CORE_RESULTS(2.0),A,RL_LGP,PL,_T,_T,_T,ROL,INDEX,2019,0.58,0,
OECD:DF_GOV_CORE_RESULTS(2.0),A,RL_LGP,PT,_T,_T,_T,ROL,INDEX,2019,0.79,0,
OECD:DF_GOV_CORE_RESULTS(2.0),A,RL_LGP,RU,_T,_T,_T,ROL,INDEX,2019,0.37,0,
OECD:DF_GOV_CORE_RESULTS(2.0),A,RL_LGP,SE,_T,_T,_T,ROL,INDEX,2019,0.87,0,
OECD:DF_GOV_CORE_RESULTS(2.0),A,RL_LGP,SI,_T,_T,_T,ROL,INDEX,2019,0.65,0,
OECD:DF_GOV_CORE_RESULTS(2.0),A,RL_LGP,TR,_T,_T,_T,ROL,INDEX,2019,0.29,0,
OECD:DF_GOV_CORE_RESULTS(2.0),A,RL_LGP,US,_T,_T,_T,ROL,INDEX,2019,0.73,0,
OECD:DF_GOV_CORE_RESULTS(2.0),A,RL_LGP,ZA,_T,_T,_T,ROL,INDEX,2019,0.62,0,
OECD:DF_GOV_CORE_RESULTS(2.0),A,RL_LGP,OECDAVG,_T,_T,_T,ROL,INDEX,2019,0.76,0,
OECD:DF_GOV_CORE_RESULTS(2.0),A,RL_FR,AT,_T,_T,_T,ROL,INDEX,2019,0.85,0,
OECD:DF_GOV_CORE_RESULTS(2.0),A,RL_FR,AU,_T,_T,_T,ROL,INDEX,2019,0.81,0,
OECD:DF_GOV_CORE_RESULTS(2.0),A,RL_FR,BE,_T,_T,_T,ROL,INDEX,2019,0.83,0,
OECD:DF_GOV_CORE_RESULTS(2.0),A,RL_FR,BR,_T,_T,_T,ROL,INDEX,2019,0.57,0,
OECD:DF_GOV_CORE_RESULTS(2.0),A,RL_FR,CA,_T,_T,_T,ROL,INDEX,2019,0.82,0,
OECD:DF_GOV_CORE_RESULTS(2.0),A,RL_FR,CL,_T,_T,_T,ROL,INDEX,2019,0.73,0,
OECD:DF_GOV_CORE_RESULTS(2.0),A,RL_FR,CN,_T,_T,_T,ROL,INDEX,2019,0.31,0,
OECD:DF_GOV_CORE_RESULTS(2.0),A,RL_FR,CO,_T,_T,_T,ROL,INDEX,2019,0.56,0,
OECD:DF_GOV_CORE_RESULTS(2.0),A,RL_FR,CR,_T,_T,_T,ROL,INDEX,2019,0.78,0,
OECD:DF_GOV_CORE_RESULTS(2.0),A,RL_FR,CZ,_T,_T,_T,ROL,INDEX,2019,0.8,0,
OECD:DF_GOV_CORE_RESULTS(2.0),A,RL_FR,DE,_T,_T,_T,ROL,INDEX,2019,0.85,0,
OECD:DF_GOV_CORE_RESULTS(2.0),A,RL_FR,DK,_T,_T,_T,ROL,INDEX,2019,0.9,0,
OECD:DF_GOV_CORE_RESULTS(2.0),A,RL_FR,EE,_T,_T,_T,ROL,INDEX,2019,0.83,0,
OECD:DF_GOV_CORE_RESULTS(2.0),A,RL_FR,ES,_T,_T,_T,ROL,INDEX,2019,0.77,0,
OECD:DF_GOV_CORE_RESULTS(2.0),A,RL_FR,FI,_T,_T,_T,ROL,INDEX,2019,0.91,0,
OECD:DF_GOV_CORE_RESULTS(2.0),A,RL_FR,FR,_T,_T,_T,ROL,INDEX,2019,0.72,0,
OECD:DF_GOV_CORE_RESULTS(2.0),A,RL_FR,GB,_T,_T,_T,ROL,INDEX,2019,0.81,0,
OECD:DF_GOV_CORE_RESULTS(2.0),A,RL_FR,GR,_T,_T,_T,ROL,INDEX,2019,0.63,0,
OECD:DF_GOV_CORE_RESULTS(2.0),A,RL_FR,ID,_T,_T,_T,ROL,INDEX,2019,0.51,0,
OECD:DF_GOV_CORE_RESULTS(2.0),A,RL_FR,IN,_T,_T,_T,ROL,INDEX,2019,0.52,0,
OECD:DF_GOV_CORE_RESULTS(2.0),A,RL_FR,IT,_T,_T,_T,ROL,INDEX,2019,0.71,0,
OECD:DF_GOV_CORE_RESULTS(2.0),A,RL_FR,JP,_T,_T,_T,ROL,INDEX,2019,0.76,0,
OECD:DF_GOV_CORE_RESULTS(2.0),A,RL_FR,KR,_T,_T,_T,ROL,INDEX,2019,0.71,0,
OECD:DF_GOV_CORE_RESULTS(2.0),A,RL_FR,MX,_T,_T,_T,ROL,INDEX,2019,0.52,0,
OECD:DF_GOV_CORE_RESULTS(2.0),A,RL_FR,NL,_T,_T,_T,ROL,INDEX,2019,0.85,0,
OECD:DF_GOV_CORE_RESULTS(2.0),A,RL_FR,NO,_T,_T,_T,ROL,INDEX,2019,0.88,0,
OECD:DF_GOV_CORE_RESULTS(2.0),A,RL_FR,NZ,_T,_T,_T,ROL,INDEX,2019,0.81,0,
OECD:DF_GOV_CORE_RESULTS(2.0),A,RL_FR,PL,_T,_T,_T,ROL,INDEX,2019,0.66,0,
OECD:DF_GOV_CORE_RESULTS(2.0),A,RL_FR,PT,_T,_T,_T,ROL,INDEX,2019,0.79,0,
OECD:DF_GOV_CORE_RESULTS(2.0),A,RL_FR,RU,_T,_T,_T,ROL,INDEX,2019,0.44,0,
OECD:DF_GOV_CORE_RESULTS(2.0),A,RL_FR,SE,_T,_T,_T,ROL,INDEX,2019,0.87,0,
OECD:DF_GOV_CORE_RESULTS(2.0),A,RL_FR,SI,_T,_T,_T,ROL,INDEX,2019,0.74,0,
OECD:DF_GOV_CORE_RESULTS(2.0),A,RL_FR,TR,_T,_T,_T,ROL,INDEX,2019,0.32,0,
OECD:DF_GOV_CORE_RESULTS(2.0),A,RL_FR,US,_T,_T,_T,ROL,INDEX,2019,0.72,0,
OECD:DF_GOV_CORE_RESULTS(2.0),A,RL_FR,ZA,_T,_T,_T,ROL,INDEX,2019,0.63,0,
OECD:DF_GOV_CORE_RESULTS(2.0),A,RL_FR,OECDAVG,_T,_T,_T,ROL,INDEX,2019,0.76,0,
OECD:DF_GOV_CORE_RESULTS(2.0),A,H_ALSH,AT,_T,_T,_T,PSE,DAYS,2017,8.3,0,
OECD:DF_GOV_CORE_RESULTS(2.0),A,H_ALSH,AU,_T,_T,_T,PSE,DAYS,2017,5.6,0,
OECD:DF_GOV_CORE_RESULTS(2.0),A,H_ALSH,BE,_T,_T,_T,PSE,DAYS,2017,7.3,0,
OECD:DF_GOV_CORE_RESULTS(2.0),A,H_ALSH,CH,_T,_T,_T,PSE,DAYS,2017,8.1,0,
OECD:DF_GOV_CORE_RESULTS(2.0),A,H_ALSH,CL,_T,_T,_T,PSE,DAYS,2017,6,0,
OECD:DF_GOV_CORE_RESULTS(2.0),A,H_ALSH,CZ,_T,_T,_T,PSE,DAYS,2017,9.3,0,
OECD:DF_GOV_CORE_RESULTS(2.0),A,H_ALSH,DE,_T,_T,_T,PSE,DAYS,2017,8.9,0,
OECD:DF_GOV_CORE_RESULTS(2.0),A,H_ALSH,DK,_T,_T,_T,PSE,DAYS,2017,5.4,0,
OECD:DF_GOV_CORE_RESULTS(2.0),A,H_ALSH,EE,_T,_T,_T,PSE,DAYS,2017,7.6,0,
OECD:DF_GOV_CORE_RESULTS(2.0),A,H_ALSH,ES,_T,_T,_T,PSE,DAYS,2017,7.3,0,
OECD:DF_GOV_CORE_RESULTS(2.0),A,H_ALSH,FI,_T,_T,_T,PSE,DAYS,2017,8.2,0,
OECD:DF_GOV_CORE_RESULTS(2.0),A,H_ALSH,FR,_T,_T,_T,PSE,DAYS,2017,9.9,0,
OECD:DF_GOV_CORE_RESULTS(2.0),A,H_ALSH,GB,_T,_T,_T,PSE,DAYS,2017,6.9,0,
OECD:DF_GOV_CORE_RESULTS(2.0),A,H_ALSH,GR,_T,_T,_T,PSE,DAYS,2017,7.5,0,
OECD:DF_GOV_CORE_RESULTS(2.0),A,H_ALSH,HU,_T,_T,_T,PSE,DAYS,2017,9.6,0,
OECD:DF_GOV_CORE_RESULTS(2.0),A,H_ALSH,IE,_T,_T,_T,PSE,DAYS,2017,6.1,0,
OECD:DF_GOV_CORE_RESULTS(2.0),A,H_ALSH,IL,_T,_T,_T,PSE,DAYS,2017,6.8,0,
OECD:DF_GOV_CORE_RESULTS(2.0),A,H_ALSH,IS,_T,_T,_T,PSE,DAYS,2017,6.1,0,
OECD:DF_GOV_CORE_RESULTS(2.0),A,H_ALSH,IT,_T,_T,_T,PSE,DAYS,2017,7.8,0,
OECD:DF_GOV_CORE_RESULTS(2.0),A,H_ALSH,KR,_T,_T,_T,PSE,DAYS,2017,18.5,0,
OECD:DF_GOV_CORE_RESULTS(2.0),A,H_ALSH,LT,_T,_T,_T,PSE,DAYS,2017,7.3,0,
OECD:DF_GOV_CORE_RESULTS(2.0),A,H_ALSH,LU,_T,_T,_T,PSE,DAYS,2017,8.9,0,
OECD:DF_GOV_CORE_RESULTS(2.0),A,H_ALSH,LV,_T,_T,_T,PSE,DAYS,2017,8.4,0,
OECD:DF_GOV_CORE_RESULTS(2.0),A,H_ALSH,MX,_T,_T,_T,PSE,DAYS,2017,3.7,0,
OECD:DF_GOV_CORE_RESULTS(2.0),A,H_ALSH,NL,_T,_T,_T,PSE,DAYS,2017,5,0,
OECD:DF_GOV_CORE_RESULTS(2.0),A,H_ALSH,NO,_T,_T,_T,PSE,DAYS,2017,6.5,0,
OECD:DF_GOV_CORE_RESULTS(2.0),A,H_ALSH,NZ,_T,_T,_T,PSE,DAYS,2017,7.1,0,
OECD:DF_GOV_CORE_RESULTS(2.0),A,H_ALSH,PL,_T,_T,_T,PSE,DAYS,2017,7,0,
OECD:DF_GOV_CORE_RESULTS(2.0),A,H_ALSH,PT,_T,_T,_T,PSE,DAYS,2017,9.1,0,
OECD:DF_GOV_CORE_RESULTS(2.0),A,H_ALSH,SE,_T,_T,_T,PSE,DAYS,2017,5.7,0,
OECD:DF_GOV_CORE_RESULTS(2.0),A,H_ALSH,SI,_T,_T,_T,PSE,DAYS,2017,7,0,
OECD:DF_GOV_CORE_RESULTS(2.0),A,H_ALSH,SK,_T,_T,_T,PSE,DAYS,2017,7.3,0,
OECD:DF_GOV_CORE_RESULTS(2.0),A,H_ALSH,TR,_T,_T,_T,PSE,DAYS,2017,4.1,0,
OECD:DF_GOV_CORE_RESULTS(2.0),A,H_ALSH,US,_T,_T,_T,PSE,DAYS,2017,6.1,0,
OECD:DF_GOV_CORE_RESULTS(2.0),A,H_ALSH,OECDAVG,_T,_T,_T,PSE,DAYS,2017,7.48,0,
OECD:DF_GOV_CORE_RESULTS(2.0),A,FR_PIT,AU,_T,_T,_T,PSE,PCT_POP,2017,82.9,0,
OECD:DF_GOV_CORE_RESULTS(2.0),A,FR_PIT,BE,_T,_T,_T,PSE,PCT_POP,2017,92.9,0,
OECD:DF_GOV_CORE_RESULTS(2.0),A,FR_PIT,BR,_T,_T,_T,PSE,PCT_POP,2017,94.95,0,
OECD:DF_GOV_CORE_RESULTS(2.0),A,FR_PIT,CA,_T,_T,_T,PSE,PCT_POP,2017,91.18,0,
OECD:DF_GOV_CORE_RESULTS(2.0),A,FR_PIT,CO,_T,_T,_T,PSE,PCT_POP,2017,96.81,0,
OECD:DF_GOV_CORE_RESULTS(2.0),A,FR_PIT,CR,_T,_T,_T,PSE,PCT_POP,2017,98.31,0,
OECD:DF_GOV_CORE_RESULTS(2.0),A,FR_PIT,CZ,_T,_T,_T,PSE,PCT_POP,2017,97.07,0,
OECD:DF_GOV_CORE_RESULTS(2.0),A,FR_PIT,DE,_T,_T,_T,PSE,PCT_POP,2017,86.51,0,
OECD:DF_GOV_CORE_RESULTS(2.0),A,FR_PIT,DK,_T,_T,_T,PSE,PCT_POP,2017,99.77,0,
OECD:DF_GOV_CORE_RESULTS(2.0),A,FR_PIT,EE,_T,_T,_T,PSE,PCT_POP,2017,96.2,0,
OECD:DF_GOV_CORE_RESULTS(2.0),A,FR_PIT,ES,_T,_T,_T,PSE,PCT_POP,2017,100,0,
OECD:DF_GOV_CORE_RESULTS(2.0),A,FR_PIT,FI,_T,_T,_T,PSE,PCT_POP,2017,97.46,0,
OECD:DF_GOV_CORE_RESULTS(2.0),A,FR_PIT,FR,_T,_T,_T,PSE,PCT_POP,2017,97.52,0,
OECD:DF_GOV_CORE_RESULTS(2.0),A,FR_PIT,GB,_T,_T,_T,PSE,PCT_POP,2017,93.53,0,
OECD:DF_GOV_CORE_RESULTS(2.0),A,FR_PIT,GR,_T,_T,_T,PSE,PCT_POP,2017,99.11,0,
OECD:DF_GOV_CORE_RESULTS(2.0),A,FR_PIT,HU,_T,_T,_T,PSE,PCT_POP,2017,91.12,0,
OECD:DF_GOV_CORE_RESULTS(2.0),A,FR_PIT,ID,_T,_T,_T,PSE,PCT_POP,2017,77.35,0,
OECD:DF_GOV_CORE_RESULTS(2.0),A,FR_PIT,IE,_T,_T,_T,PSE,PCT_POP,2017,79.46,0,
OECD:DF_GOV_CORE_RESULTS(2.0),A,FR_PIT,IL,_T,_T,_T,PSE,PCT_POP,2017,69.12,0,
OECD:DF_GOV_CORE_RESULTS(2.0),A,FR_PIT,IN,_T,_T,_T,PSE,PCT_POP,2017,84.48,0,
OECD:DF_GOV_CORE_RESULTS(2.0),A,FR_PIT,IS,_T,_T,_T,PSE,PCT_POP,2017,95.44,0,
OECD:DF_GOV_CORE_RESULTS(2.0),A,FR_PIT,LT,_T,_T,_T,PSE,PCT_POP,2017,82.21,0,
OECD:DF_GOV_CORE_RESULTS(2.0),A,FR_PIT,LV,_T,_T,_T,PSE,PCT_POP,2017,95.3,0,
OECD:DF_GOV_CORE_RESULTS(2.0),A,FR_PIT,MX,_T,_T,_T,PSE,PCT_POP,2017,24.12,0,
OECD:DF_GOV_CORE_RESULTS(2.0),A,FR_PIT,NL,_T,_T,_T,PSE,PCT_POP,2017,98.72,0,
OECD:DF_GOV_CORE_RESULTS(2.0),A,FR_PIT,NO,_T,_T,_T,PSE,PCT_POP,2017,99.62,0,
OECD:DF_GOV_CORE_RESULTS(2.0),A,FR_PIT,NZ,_T,_T,_T,PSE,PCT_POP,2017,71.37,0,
OECD:DF_GOV_CORE_RESULTS(2.0),A,FR_PIT,PT,_T,_T,_T,PSE,PCT_POP,2017,97.81,0,
OECD:DF_GOV_CORE_RESULTS(2.0),A,FR_PIT,SK,_T,_T,_T,PSE,PCT_POP,2017,76.45,0,
OECD:DF_GOV_CORE_RESULTS(2.0),A,FR_PIT,OECDAVG,_T,_T,_T,PSE,PCT_POP,2017,87.93,0,
OECD:DF_GOV_CORE_RESULTS(2.0),A,FR_CT,AU,_T,_T,_T,PSE,PCT_POP,2017,76.3,0,
OECD:DF_GOV_CORE_RESULTS(2.0),A,FR_CT,BE,_T,_T,_T,PSE,PCT_POP,2017,80.26,0,
OECD:DF_GOV_CORE_RESULTS(2.0),A,FR_CT,BR,_T,_T,_T,PSE,PCT_POP,2017,92.37,0,
OECD:DF_GOV_CORE_RESULTS(2.0),A,FR_CT,CA,_T,_T,_T,PSE,PCT_POP,2017,86.12,0,
OECD:DF_GOV_CORE_RESULTS(2.0),A,FR_CT,CL,_T,_T,_T,PSE,PCT_POP,2017,88.28,0,
OECD:DF_GOV_CORE_RESULTS(2.0),A,FR_CT,CO,_T,_T,_T,PSE,PCT_POP,2017,90.13,0,
OECD:DF_GOV_CORE_RESULTS(2.0),A,FR_CT,CR,_T,_T,_T,PSE,PCT_POP,2017,98.4,0,
OECD:DF_GOV_CORE_RESULTS(2.0),A,FR_CT,CZ,_T,_T,_T,PSE,PCT_POP,2017,90.03,0,
OECD:DF_GOV_CORE_RESULTS(2.0),A,FR_CT,DE,_T,_T,_T,PSE,PCT_POP,2017,76.68,0,
OECD:DF_GOV_CORE_RESULTS(2.0),A,FR_CT,DK,_T,_T,_T,PSE,PCT_POP,2017,90.35,0,
OECD:DF_GOV_CORE_RESULTS(2.0),A,FR_CT,ES,_T,_T,_T,PSE,PCT_POP,2017,100,0,
OECD:DF_GOV_CORE_RESULTS(2.0),A,FR_CT,FI,_T,_T,_T,PSE,PCT_POP,2017,94.75,0,
OECD:DF_GOV_CORE_RESULTS(2.0),A,FR_CT,FR,_T,_T,_T,PSE,PCT_POP,2017,95.45,0,
OECD:DF_GOV_CORE_RESULTS(2.0),A,FR_CT,GB,_T,_T,_T,PSE,PCT_POP,2017,95.18,0,
OECD:DF_GOV_CORE_RESULTS(2.0),A,FR_CT,GR,_T,_T,_T,PSE,PCT_POP,2017,93.91,0,
OECD:DF_GOV_CORE_RESULTS(2.0),A,FR_CT,HU,_T,_T,_T,PSE,PCT_POP,2017,83.85,0,
OECD:DF_GOV_CORE_RESULTS(2.0),A,FR_CT,ID,_T,_T,_T,PSE,PCT_POP,2017,77.52,0,
OECD:DF_GOV_CORE_RESULTS(2.0),A,FR_CT,IE,_T,_T,_T,PSE,PCT_POP,2017,64.61,0,
OECD:DF_GOV_CORE_RESULTS(2.0),A,FR_CT,IL,_T,_T,_T,PSE,PCT_POP,2017,55.31,0,
OECD:DF_GOV_CORE_RESULTS(2.0),A,FR_CT,IN,_T,_T,_T,PSE,PCT_POP,2017,80,0,
OECD:DF_GOV_CORE_RESULTS(2.0),A,FR_CT,IS,_T,_T,_T,PSE,PCT_POP,2017,81.83,0,
OECD:DF_GOV_CORE_RESULTS(2.0),A,FR_CT,LT,_T,_T,_T,PSE,PCT_POP,2017,61.8,0,
OECD:DF_GOV_CORE_RESULTS(2.0),A,FR_CT,LV,_T,_T,_T,PSE,PCT_POP,2017,73.34,0,
OECD:DF_GOV_CORE_RESULTS(2.0),A,FR_CT,MX,_T,_T,_T,PSE,PCT_POP,2017,28.05,0,
OECD:DF_GOV_CORE_RESULTS(2.0),A,FR_CT,NL,_T,_T,_T,PSE,PCT_POP,2017,95,0,
OECD:DF_GOV_CORE_RESULTS(2.0),A,FR_CT,NO,_T,_T,_T,PSE,PCT_POP,2017,87.28,0,
OECD:DF_GOV_CORE_RESULTS(2.0),A,FR_CT,NZ,_T,_T,_T,PSE,PCT_POP,2017,73.81,0,
OECD:DF_GOV_CORE_RESULTS(2.0),A,FR_CT,PT,_T,_T,_T,PSE,PCT_POP,2017,98.42,0,
OECD:DF_GOV_CORE_RESULTS(2.0),A,FR_CT,SK,_T,_T,_T,PSE,PCT_POP,2017,81.54,0,
OECD:DF_GOV_CORE_RESULTS(2.0),A,FR_CT,OECDAVG,_T,_T,_T,PSE,PCT_POP,2017,81.85,0,
OECD:DF_GOV_CORE_RESULTS(2.0),A,LEB_Y,AT,_T,_T,_T,CEP,YEARS,2017,81.7,0,
OECD:DF_GOV_CORE_RESULTS(2.0),A,LEB_Y,AU,_T,_T,_T,CEP,YEARS,2017,82.5,0,
OECD:DF_GOV_CORE_RESULTS(2.0),A,LEB_Y,BE,_T,_T,_T,CEP,YEARS,2017,81.5,0,
OECD:DF_GOV_CORE_RESULTS(2.0),A,LEB_Y,CA,_T,_T,_T,CEP,YEARS,2017,81.9,0,
OECD:DF_GOV_CORE_RESULTS(2.0),A,LEB_Y,CH,_T,_T,_T,CEP,YEARS,2017,83.7,0,
OECD:DF_GOV_CORE_RESULTS(2.0),A,LEB_Y,CL,_T,_T,_T,CEP,YEARS,2017,79.9,0,
OECD:DF_GOV_CORE_RESULTS(2.0),A,LEB_Y,CZ,_T,_T,_T,CEP,YEARS,2017,79.1,0,
OECD:DF_GOV_CORE_RESULTS(2.0),A,LEB_Y,DE,_T,_T,_T,CEP,YEARS,2017,81.1,0,
OECD:DF_GOV_CORE_RESULTS(2.0),A,LEB_Y,DK,_T,_T,_T,CEP,YEARS,2017,80.9,0,
OECD:DF_GOV_CORE_RESULTS(2.0),A,LEB_Y,EE,_T,_T,_T,CEP,YEARS,2017,77.8,0,
OECD:DF_GOV_CORE_RESULTS(2.0),A,LEB_Y,ES,_T,_T,_T,CEP,YEARS,2017,83.4,0,
OECD:DF_GOV_CORE_RESULTS(2.0),A,LEB_Y,FI,_T,_T,_T,CEP,YEARS,2017,81.5,0,
OECD:DF_GOV_CORE_RESULTS(2.0),A,LEB_Y,FR,_T,_T,_T,CEP,YEARS,2017,82.4,0,
OECD:DF_GOV_CORE_RESULTS(2.0),A,LEB_Y,GB,_T,_T,_T,CEP,YEARS,2017,81.2,0,
OECD:DF_GOV_CORE_RESULTS(2.0),A,LEB_Y,GR,_T,_T,_T,CEP,YEARS,2017,81.5,0,
OECD:DF_GOV_CORE_RESULTS(2.0),A,LEB_Y,HU,_T,_T,_T,CEP,YEARS,2017,76.2,0,
OECD:DF_GOV_CORE_RESULTS(2.0),A,LEB_Y,IE,_T,_T,_T,CEP,YEARS,2017,81.8,0,
OECD:DF_GOV_CORE_RESULTS(2.0),A,LEB_Y,IL,_T,_T,_T,CEP,YEARS,2017,82.5,0,
OECD:DF_GOV_CORE_RESULTS(2.0),A,LEB_Y,IS,_T,_T,_T,CEP,YEARS,2017,82.3,0,
OECD:DF_GOV_CORE_RESULTS(2.0),A,LEB_Y,IT,_T,_T,_T,CEP,YEARS,2017,83.3,0,
OECD:DF_GOV_CORE_RESULTS(2.0),A,LEB_Y,JP,_T,_T,_T,CEP,YEARS,2017,84.1,0,
OECD:DF_GOV_CORE_RESULTS(2.0),A,LEB_Y,KR,_T,_T,_T,CEP,YEARS,2017,82.4,0,
OECD:DF_GOV_CORE_RESULTS(2.0),A,LEB_Y,LT,_T,_T,_T,CEP,YEARS,2017,74.8,0,
OECD:DF_GOV_CORE_RESULTS(2.0),A,LEB_Y,LU,_T,_T,_T,CEP,YEARS,2017,82.8,0,
OECD:DF_GOV_CORE_RESULTS(2.0),A,LEB_Y,LV,_T,_T,_T,CEP,YEARS,2017,74.7,0,
OECD:DF_GOV_CORE_RESULTS(2.0),A,LEB_Y,MX,_T,_T,_T,CEP,YEARS,2017,75.4,0,
OECD:DF_GOV_CORE_RESULTS(2.0),A,LEB_Y,NL,_T,_T,_T,CEP,YEARS,2017,81.6,0,
OECD:DF_GOV_CORE_RESULTS(2.0),A,LEB_Y,NO,_T,_T,_T,CEP,YEARS,2017,82.5,0,
OECD:DF_GOV_CORE_RESULTS(2.0),A,LEB_Y,NZ,_T,_T,_T,CEP,YEARS,2017,81.7,0,
OECD:DF_GOV_CORE_RESULTS(2.0),A,LEB_Y,PL,_T,_T,_T,CEP,YEARS,2017,78,0,
OECD:DF_GOV_CORE_RESULTS(2.0),A,LEB_Y,PT,_T,_T,_T,CEP,YEARS,2017,81.2,0,
OECD:DF_GOV_CORE_RESULTS(2.0),A,LEB_Y,SE,_T,_T,_T,CEP,YEARS,2017,82.4,0,
OECD:DF_GOV_CORE_RESULTS(2.0),A,LEB_Y,SI,_T,_T,_T,CEP,YEARS,2017,81.3,0,
OECD:DF_GOV_CORE_RESULTS(2.0),A,LEB_Y,SK,_T,_T,_T,CEP,YEARS,2017,77.3,0,
OECD:DF_GOV_CORE_RESULTS(2.0),A,LEB_Y,TR,_T,_T,_T,CEP,YEARS,2017,78,0,
OECD:DF_GOV_CORE_RESULTS(2.0),A,LEB_Y,US,_T,_T,_T,CEP,YEARS,2017,78.6,0,
OECD:DF_GOV_CORE_RESULTS(2.0),A,LEB_Y,OECDAVG,_T,_T,_T,CEP,YEARS,2017,80.63,0,
OECD:DF_GOV_CORE_RESULTS(2.0),A,THE_POP,AT,_T,_T,_T,CEP,USD,2017,5440,0,
OECD:DF_GOV_CORE_RESULTS(2.0),A,THE_POP,AU,_T,_T,_T,CEP,USD,2017,4543.1,0,
OECD:DF_GOV_CORE_RESULTS(2.0),A,THE_POP,BE,_T,_T,_T,CEP,USD,2017,4774.3,0,
OECD:DF_GOV_CORE_RESULTS(2.0),A,THE_POP,CA,_T,_T,_T,CEP,USD,2017,4826.3,0,
OECD:DF_GOV_CORE_RESULTS(2.0),A,THE_POP,CH,_T,_T,_T,CEP,USD,2017,8009.2,0,
OECD:DF_GOV_CORE_RESULTS(2.0),A,THE_POP,CL,_T,_T,_T,CEP,USD,2017,1914.8,0,
OECD:DF_GOV_CORE_RESULTS(2.0),A,THE_POP,CZ,_T,_T,_T,CEP,USD,2017,2616.4,0,
OECD:DF_GOV_CORE_RESULTS(2.0),A,THE_POP,DE,_T,_T,_T,CEP,USD,2017,5728.5,0,
OECD:DF_GOV_CORE_RESULTS(2.0),A,THE_POP,DK,_T,_T,_T,CEP,USD,2017,5182.8,0,
OECD:DF_GOV_CORE_RESULTS(2.0),A,THE_POP,EE,_T,_T,_T,CEP,USD,2017,2125.3,0,
OECD:DF_GOV_CORE_RESULTS(2.0),A,THE_POP,ES,_T,_T,_T,CEP,USD,2017,3370.9,0,
OECD:DF_GOV_CORE_RESULTS(2.0),A,THE_POP,FI,_T,_T,_T,CEP,USD,2017,4172.6,0,
OECD:DF_GOV_CORE_RESULTS(2.0),A,THE_POP,FR,_T,_T,_T,CEP,USD,2017,4902.1,0,
OECD:DF_GOV_CORE_RESULTS(2.0),A,THE_POP,GB,_T,_T,_T,CEP,USD,2017,4245.5,0,
OECD:DF_GOV_CORE_RESULTS(2.0),A,THE_POP,GR,_T,_T,_T,CEP,USD,2017,2324.8,0,
OECD:DF_GOV_CORE_RESULTS(2.0),A,THE_POP,HU,_T,_T,_T,CEP,USD,2017,2044.6,0,
OECD:DF_GOV_CORE_RESULTS(2.0),A,THE_POP,IE,_T,_T,_T,CEP,USD,2017,5449.4,0,
OECD:DF_GOV_CORE_RESULTS(2.0),A,THE_POP,IL,_T,_T,_T,CEP,USD,2017,2833.6,0,
OECD:DF_GOV_CORE_RESULTS(2.0),A,THE_POP,IS,_T,_T,_T,CEP,USD,2017,4508.7,0,
OECD:DF_GOV_CORE_RESULTS(2.0),A,THE_POP,IT,_T,_T,_T,CEP,USD,2017,3541.7,0,
OECD:DF_GOV_CORE_RESULTS(2.0),A,THE_POP,JP,_T,_T,_T,CEP,USD,2017,4717.3,0,
OECD:DF_GOV_CORE_RESULTS(2.0),A,THE_POP,KR,_T,_T,_T,CEP,USD,2017,2897.1,0,
OECD:DF_GOV_CORE_RESULTS(2.0),A,THE_POP,LT,_T,_T,_T,CEP,USD,2017,2005.2,0,
OECD:DF_GOV_CORE_RESULTS(2.0),A,THE_POP,LU,_T,_T,_T,CEP,USD,2017,6474.8,0,
OECD:DF_GOV_CORE_RESULTS(2.0),A,THE_POP,LV,_T,_T,_T,CEP,USD,2017,1722.4,0,
OECD:DF_GOV_CORE_RESULTS(2.0),A,THE_POP,MX,_T,_T,_T,CEP,USD,2017,1034.4,0,
OECD:DF_GOV_CORE_RESULTS(2.0),A,THE_POP,NL,_T,_T,_T,CEP,USD,2017,5385.7,0,
OECD:DF_GOV_CORE_RESULTS(2.0),A,THE_POP,NO,_T,_T,_T,CEP,USD,2017,6351.3,0,
OECD:DF_GOV_CORE_RESULTS(2.0),A,THE_POP,NZ,_T,_T,_T,CEP,USD,2017,3682.7,0,
OECD:DF_GOV_CORE_RESULTS(2.0),A,THE_POP,PL,_T,_T,_T,CEP,USD,2017,1955.1,0,
OECD:DF_GOV_CORE_RESULTS(2.0),A,THE_POP,PT,_T,_T,_T,CEP,USD,2017,2888.2,0,
OECD:DF_GOV_CORE_RESULTS(2.0),A,THE_POP,SE,_T,_T,_T,CEP,USD,2017,5510.7,0,
OECD:DF_GOV_CORE_RESULTS(2.0),A,THE_POP,SI,_T,_T,_T,CEP,USD,2017,2775.5,0,
OECD:DF_GOV_CORE_RESULTS(2.0),A,THE_POP,SK,_T,_T,_T,CEP,USD,2017,2268.9,0,
OECD:DF_GOV_CORE_RESULTS(2.0),A,THE_POP,TR,_T,_T,_T,CEP,USD,2017,1193.9,0,
OECD:DF_GOV_CORE_RESULTS(2.0),A,THE_POP,US,_T,_T,_T,CEP,USD,2017,10209.4,0,
OECD:DF_GOV_CORE_RESULTS(2.0),A,THE_POP,OECDAVG,_T,_T,_T,CEP,USD,2017,3989.64,0,
OECD:DF_GOV_CORE_RESULTS(2.0),A,PCE,AT,_T,F,ISCED11_5T8,CEP,USD,2016,81700,0,
OECD:DF_GOV_CORE_RESULTS(2.0),A,PCE,AT,_T,M,ISCED11_5T8,CEP,USD,2016,90700,0,
OECD:DF_GOV_CORE_RESULTS(2.0),A,PCE,AU,_T,F,ISCED11_5T8,CEP,USD,2016,28400,0,
OECD:DF_GOV_CORE_RESULTS(2.0),A,PCE,AU,_T,M,ISCED11_5T8,CEP,USD,2016,32300,0,
OECD:DF_GOV_CORE_RESULTS(2.0),A,PCE,BE,_T,F,ISCED11_5T8,CEP,USD,2016,55100,0,
OECD:DF_GOV_CORE_RESULTS(2.0),A,PCE,BE,_T,M,ISCED11_5T8,CEP,USD,2016,58200,0,
OECD:DF_GOV_CORE_RESULTS(2.0),A,PCE,CA,_T,F,ISCED11_5T8,CEP,USD,2016,44700,0,
OECD:DF_GOV_CORE_RESULTS(2.0),A,PCE,CA,_T,M,ISCED11_5T8,CEP,USD,2016,50600,0,
OECD:DF_GOV_CORE_RESULTS(2.0),A,PCE,CH,_T,F,ISCED11_5T8,CEP,USD,2016,108300,0,
OECD:DF_GOV_CORE_RESULTS(2.0),A,PCE,CH,_T,M,ISCED11_5T8,CEP,USD,2016,109500,0,
OECD:DF_GOV_CORE_RESULTS(2.0),A,PCE,CL,_T,F,ISCED11_5T8,CEP,USD,2016,9400,0,
OECD:DF_GOV_CORE_RESULTS(2.0),A,PCE,CL,_T,M,ISCED11_5T8,CEP,USD,2016,10000,0,
OECD:DF_GOV_CORE_RESULTS(2.0),A,PCE,CZ,_T,F,ISCED11_5T8,CEP,USD,2016,40700,0,
OECD:DF_GOV_CORE_RESULTS(2.0),A,PCE,CZ,_T,M,ISCED11_5T8,CEP,USD,2016,47700,0,
OECD:DF_GOV_CORE_RESULTS(2.0),A,PCE,DE,_T,F,ISCED11_5T8,CEP,USD,2016,84300,0,
OECD:DF_GOV_CORE_RESULTS(2.0),A,PCE,DE,_T,M,ISCED11_5T8,CEP,USD,2016,91000,0,
OECD:DF_GOV_CORE_RESULTS(2.0),A,PCE,DK,_T,F,ISCED11_5T8,CEP,USD,2016,90500,0,
OECD:DF_GOV_CORE_RESULTS(2.0),A,PCE,DK,_T,M,ISCED11_5T8,CEP,USD,2016,105700,0,
OECD:DF_GOV_CORE_RESULTS(2.0),A,PCE,EE,_T,F,ISCED11_5T8,CEP,USD,2016,52400,0,
OECD:DF_GOV_CORE_RESULTS(2.0),A,PCE,EE,_T,M,ISCED11_5T8,CEP,USD,2016,56700,0,
OECD:DF_GOV_CORE_RESULTS(2.0),A,PCE,ES,_T,F,ISCED11_5T8,CEP,USD,2016,36600,0,
OECD:DF_GOV_CORE_RESULTS(2.0),A,PCE,ES,_T,M,ISCED11_5T8,CEP,USD,2016,36600,0,
OECD:DF_GOV_CORE_RESULTS(2.0),A,PCE,FI,_T,F,ISCED11_5T8,CEP,USD,2016,82400,0,
OECD:DF_GOV_CORE_RESULTS(2.0),A,PCE,FI,_T,M,ISCED11_5T8,CEP,USD,2016,85000,0,
OECD:DF_GOV_CORE_RESULTS(2.0),A,PCE,FR,_T,F,ISCED11_5T8,CEP,USD,2016,59800,0,
OECD:DF_GOV_CORE_RESULTS(2.0),A,PCE,FR,_T,M,ISCED11_5T8,CEP,USD,2016,64300,0,
OECD:DF_GOV_CORE_RESULTS(2.0),A,PCE,GB,_T,F,ISCED11_5T8,CEP,USD,2016,31700,0,
OECD:DF_GOV_CORE_RESULTS(2.0),A,PCE,GB,_T,M,ISCED11_5T8,CEP,USD,2016,34800,0,
OECD:DF_GOV_CORE_RESULTS(2.0),A,PCE,HU,_T,F,ISCED11_5T8,CEP,USD,2016,41100,0,
OECD:DF_GOV_CORE_RESULTS(2.0),A,PCE,HU,_T,M,ISCED11_5T8,CEP,USD,2016,45200,0,
OECD:DF_GOV_CORE_RESULTS(2.0),A,PCE,IE,_T,F,ISCED11_5T8,CEP,USD,2016,37400,0,
OECD:DF_GOV_CORE_RESULTS(2.0),A,PCE,IE,_T,M,ISCED11_5T8,CEP,USD,2016,41500,0,
OECD:DF_GOV_CORE_RESULTS(2.0),A,PCE,IL,_T,F,ISCED11_5T8,CEP,USD,2016,24400,0,
OECD:DF_GOV_CORE_RESULTS(2.0),A,PCE,IL,_T,M,ISCED11_5T8,CEP,USD,2016,23900,0,
OECD:DF_GOV_CORE_RESULTS(2.0),A,PCE,IT,_T,F,ISCED11_5T8,CEP,USD,2016,36700,0,
OECD:DF_GOV_CORE_RESULTS(2.0),A,PCE,IT,_T,M,ISCED11_5T8,CEP,USD,2016,37500,0,
OECD:DF_GOV_CORE_RESULTS(2.0),A,PCE,KR,_T,F,ISCED11_5T8,CEP,USD,2016,22400,0,
OECD:DF_GOV_CORE_RESULTS(2.0),A,PCE,KR,_T,M,ISCED11_5T8,CEP,USD,2016,22400,0,
OECD:DF_GOV_CORE_RESULTS(2.0),A,PCE,LU,_T,F,ISCED11_5T8,CEP,USD,2016,182100,0,
OECD:DF_GOV_CORE_RESULTS(2.0),A,PCE,LU,_T,M,ISCED11_5T8,CEP,USD,2016,183900,0,
OECD:DF_GOV_CORE_RESULTS(2.0),A,PCE,LV,_T,F,ISCED11_5T8,CEP,USD,2016,25000,0,
OECD:DF_GOV_CORE_RESULTS(2.0),A,PCE,LV,_T,M,ISCED11_5T8,CEP,USD,2016,27600,0,
OECD:DF_GOV_CORE_RESULTS(2.0),A,PCE,NL,_T,F,ISCED11_5T8,CEP,USD,2016,72400,0,
OECD:DF_GOV_CORE_RESULTS(2.0),A,PCE,NL,_T,M,ISCED11_5T8,CEP,USD,2016,75500,0,
OECD:DF_GOV_CORE_RESULTS(2.0),A,PCE,NO,_T,F,ISCED11_5T8,CEP,USD,2016,91100,0,
OECD:DF_GOV_CORE_RESULTS(2.0),A,PCE,NO,_T,M,ISCED11_5T8,CEP,USD,2016,102500,0,
OECD:DF_GOV_CORE_RESULTS(2.0),A,PCE,NZ,_T,F,ISCED11_5T8,CEP,USD,2016,35700,0,
OECD:DF_GOV_CORE_RESULTS(2.0),A,PCE,NZ,_T,M,ISCED11_5T8,CEP,USD,2016,38200,0,
OECD:DF_GOV_CORE_RESULTS(2.0),A,PCE,PL,_T,F,ISCED11_5T8,CEP,USD,2016,39800,0,
OECD:DF_GOV_CORE_RESULTS(2.0),A,PCE,PL,_T,M,ISCED11_5T8,CEP,USD,2016,46000,0,
OECD:DF_GOV_CORE_RESULTS(2.0),A,PCE,PT,_T,F,ISCED11_5T8,CEP,USD,2016,35400,0,
OECD:DF_GOV_CORE_RESULTS(2.0),A,PCE,PT,_T,M,ISCED11_5T8,CEP,USD,2016,36700,0,
OECD:DF_GOV_CORE_RESULTS(2.0),A,PCE,SI,_T,F,ISCED11_5T8,CEP,USD,2016,51200,0,
OECD:DF_GOV_CORE_RESULTS(2.0),A,PCE,SI,_T,M,ISCED11_5T8,CEP,USD,2016,55400,0,
OECD:DF_GOV_CORE_RESULTS(2.0),A,PCE,SK,_T,F,ISCED11_5T8,CEP,USD,2016,38400,0,
OECD:DF_GOV_CORE_RESULTS(2.0),A,PCE,SK,_T,M,ISCED11_5T8,CEP,USD,2016,44300,0,
OECD:DF_GOV_CORE_RESULTS(2.0),A,PCE,TR,_T,F,ISCED11_5T8,CEP,USD,2016,29100,0,
OECD:DF_GOV_CORE_RESULTS(2.0),A,PCE,TR,_T,M,ISCED11_5T8,CEP,USD,2016,30800,0,
OECD:DF_GOV_CORE_RESULTS(2.0),A,PCE,US,_T,F,ISCED11_5T8,CEP,USD,2016,52900,0,
OECD:DF_GOV_CORE_RESULTS(2.0),A,PCE,US,_T,M,ISCED11_5T8,CEP,USD,2016,57300,0,
OECD:DF_GOV_CORE_RESULTS(2.0),A,PCE,OECDAVG,_T,F,ISCED11_5T8,CEP,USD,2016,54100,0,
OECD:DF_GOV_CORE_RESULTS(2.0),A,PCE,OECDAVG,_T,M,ISCED11_5T8,CEP,USD,2016,58100,0,
OECD:DF_GOV_CORE_RESULTS(2.0),A,PBE,AT,_T,F,ISCED11_5T8,CEP,USD,2016,166800,0,
OECD:DF_GOV_CORE_RESULTS(2.0),A,PBE,AT,_T,M,ISCED11_5T8,CEP,USD,2016,300900,0,
OECD:DF_GOV_CORE_RESULTS(2.0),A,PBE,AU,_T,F,ISCED11_5T8,CEP,USD,2016,127300,0,
OECD:DF_GOV_CORE_RESULTS(2.0),A,PBE,AU,_T,M,ISCED11_5T8,CEP,USD,2016,173600,0,
OECD:DF_GOV_CORE_RESULTS(2.0),A,PBE,BE,_T,F,ISCED11_5T8,CEP,USD,2016,256600,0,
OECD:DF_GOV_CORE_RESULTS(2.0),A,PBE,BE,_T,M,ISCED11_5T8,CEP,USD,2016,273200,0,
OECD:DF_GOV_CORE_RESULTS(2.0),A,PBE,CA,_T,F,ISCED11_5T8,CEP,USD,2016,101300,0,
OECD:DF_GOV_CORE_RESULTS(2.0),A,PBE,CA,_T,M,ISCED11_5T8,CEP,USD,2016,139100,0,
OECD:DF_GOV_CORE_RESULTS(2.0),A,PBE,CH,_T,F,ISCED11_5T8,CEP,USD,2016,101000,0,
OECD:DF_GOV_CORE_RESULTS(2.0),A,PBE,CH,_T,M,ISCED11_5T8,CEP,USD,2016,175200,0,
OECD:DF_GOV_CORE_RESULTS(2.0),A,PBE,CL,_T,F,ISCED11_5T8,CEP,USD,2016,27100,0,
OECD:DF_GOV_CORE_RESULTS(2.0),A,PBE,CL,_T,M,ISCED11_5T8,CEP,USD,2016,54800,0,
OECD:DF_GOV_CORE_RESULTS(2.0),A,PBE,CZ,_T,F,ISCED11_5T8,CEP,USD,2016,80100,0,
OECD:DF_GOV_CORE_RESULTS(2.0),A,PBE,CZ,_T,M,ISCED11_5T8,CEP,USD,2016,145100,0,
OECD:DF_GOV_CORE_RESULTS(2.0),A,PBE,DE,_T,F,ISCED11_5T8,CEP,USD,2016,176000,0,
OECD:DF_GOV_CORE_RESULTS(2.0),A,PBE,DE,_T,M,ISCED11_5T8,CEP,USD,2016,340200,0,
OECD:DF_GOV_CORE_RESULTS(2.0),A,PBE,DK,_T,F,ISCED11_5T8,CEP,USD,2016,122000,0,
OECD:DF_GOV_CORE_RESULTS(2.0),A,PBE,DK,_T,M,ISCED11_5T8,CEP,USD,2016,221500,0,
OECD:DF_GOV_CORE_RESULTS(2.0),A,PBE,EE,_T,F,ISCED11_5T8,CEP,USD,2016,37800,0,
OECD:DF_GOV_CORE_RESULTS(2.0),A,PBE,EE,_T,M,ISCED11_5T8,CEP,USD,2016,45400,0,
OECD:DF_GOV_CORE_RESULTS(2.0),A,PBE,ES,_T,F,ISCED11_5T8,CEP,USD,2016,90400,0,
OECD:DF_GOV_CORE_RESULTS(2.0),A,PBE,ES,_T,M,ISCED11_5T8,CEP,USD,2016,107100,0,
OECD:DF_GOV_CORE_RESULTS(2.0),A,PBE,FI,_T,F,ISCED11_5T8,CEP,USD,2016,140300,0,
OECD:DF_GOV_CORE_RESULTS(2.0),A,PBE,FI,_T,M,ISCED11_5T8,CEP,USD,2016,195900,0,
OECD:DF_GOV_CORE_RESULTS(2.0),A,PBE,FR,_T,F,ISCED11_5T8,CEP,USD,2016,119000,0,
OECD:DF_GOV_CORE_RESULTS(2.0),A,PBE,FR,_T,M,ISCED11_5T8,CEP,USD,2016,219800,0,
OECD:DF_GOV_CORE_RESULTS(2.0),A,PBE,GB,_T,F,ISCED11_5T8,CEP,USD,2016,113400,0,
OECD:DF_GOV_CORE_RESULTS(2.0),A,PBE,GB,_T,M,ISCED11_5T8,CEP,USD,2016,147700,0,
OECD:DF_GOV_CORE_RESULTS(2.0),A,PBE,HU,_T,F,ISCED11_5T8,CEP,USD,2016,109000,0,
OECD:DF_GOV_CORE_RESULTS(2.0),A,PBE,HU,_T,M,ISCED11_5T8,CEP,USD,2016,200700,0,
OECD:DF_GOV_CORE_RESULTS(2.0),A,PBE,IE,_T,F,ISCED11_5T8,CEP,USD,2016,180800,0,
OECD:DF_GOV_CORE_RESULTS(2.0),A,PBE,IE,_T,M,ISCED11_5T8,CEP,USD,2016,410700,0,
OECD:DF_GOV_CORE_RESULTS(2.0),A,PBE,IL,_T,F,ISCED11_5T8,CEP,USD,2016,79500,0,
OECD:DF_GOV_CORE_RESULTS(2.0),A,PBE,IL,_T,M,ISCED11_5T8,CEP,USD,2016,187900,0,
OECD:DF_GOV_CORE_RESULTS(2.0),A,PBE,IT,_T,F,ISCED11_5T8,CEP,USD,2016,125600,0,
OECD:DF_GOV_CORE_RESULTS(2.0),A,PBE,IT,_T,M,ISCED11_5T8,CEP,USD,2016,217300,0,
OECD:DF_GOV_CORE_RESULTS(2.0),A,PBE,KR,_T,F,ISCED11_5T8,CEP,USD,2016,26100,0,
OECD:DF_GOV_CORE_RESULTS(2.0),A,PBE,KR,_T,M,ISCED11_5T8,CEP,USD,2016,67600,0,
OECD:DF_GOV_CORE_RESULTS(2.0),A,PBE,LU,_T,F,ISCED11_5T8,CEP,USD,2016,388000,0,
OECD:DF_GOV_CORE_RESULTS(2.0),A,PBE,LU,_T,M,ISCED11_5T8,CEP,USD,2016,557200,0,
OECD:DF_GOV_CORE_RESULTS(2.0),A,PBE,LV,_T,F,ISCED11_5T8,CEP,USD,2016,77200,0,
OECD:DF_GOV_CORE_RESULTS(2.0),A,PBE,LV,_T,M,ISCED11_5T8,CEP,USD,2016,79400,0,
OECD:DF_GOV_CORE_RESULTS(2.0),A,PBE,NL,_T,F,ISCED11_5T8,CEP,USD,2016,296000,0,
OECD:DF_GOV_CORE_RESULTS(2.0),A,PBE,NL,_T,M,ISCED11_5T8,CEP,USD,2016,422600,0,
OECD:DF_GOV_CORE_RESULTS(2.0),A,PBE,NO,_T,F,ISCED11_5T8,CEP,USD,2016,120300,0,
OECD:DF_GOV_CORE_RESULTS(2.0),A,PBE,NO,_T,M,ISCED11_5T8,CEP,USD,2016,175300,0,
OECD:DF_GOV_CORE_RESULTS(2.0),A,PBE,NZ,_T,F,ISCED11_5T8,CEP,USD,2016,77600,0,
OECD:DF_GOV_CORE_RESULTS(2.0),A,PBE,NZ,_T,M,ISCED11_5T8,CEP,USD,2016,128400,0,
OECD:DF_GOV_CORE_RESULTS(2.0),A,PBE,PL,_T,F,ISCED11_5T8,CEP,USD,2016,98700,0,
OECD:DF_GOV_CORE_RESULTS(2.0),A,PBE,PL,_T,M,ISCED11_5T8,CEP,USD,2016,140800,0,
OECD:DF_GOV_CORE_RESULTS(2.0),A,PBE,PT,_T,F,ISCED11_5T8,CEP,USD,2016,140700,0,
OECD:DF_GOV_CORE_RESULTS(2.0),A,PBE,PT,_T,M,ISCED11_5T8,CEP,USD,2016,198700,0,
OECD:DF_GOV_CORE_RESULTS(2.0),A,PBE,SI,_T,F,ISCED11_5T8,CEP,USD,2016,182000,0,
OECD:DF_GOV_CORE_RESULTS(2.0),A,PBE,SI,_T,M,ISCED11_5T8,CEP,USD,2016,225100,0,
OECD:DF_GOV_CORE_RESULTS(2.0),A,PBE,SK,_T,F,ISCED11_5T8,CEP,USD,2016,72300,0,
OECD:DF_GOV_CORE_RESULTS(2.0),A,PBE,SK,_T,M,ISCED11_5T8,CEP,USD,2016,119400,0,
OECD:DF_GOV_CORE_RESULTS(2.0),A,PBE,TR,_T,F,ISCED11_5T8,CEP,USD,2016,134400,0,
OECD:DF_GOV_CORE_RESULTS(2.0),A,PBE,TR,_T,M,ISCED11_5T8,CEP,USD,2016,171400,0,
OECD:DF_GOV_CORE_RESULTS(2.0),A,PBE,US,_T,F,ISCED11_5T8,CEP,USD,2016,174600,0,
OECD:DF_GOV_CORE_RESULTS(2.0),A,PBE,US,_T,M,ISCED11_5T8,CEP,USD,2016,345900,0,
OECD:DF_GOV_CORE_RESULTS(2.0),A,PBE,OECDAVG,_T,F,ISCED11_5T8,CEP,USD,2016,131400,0,
OECD:DF_GOV_CORE_RESULTS(2.0),A,PBE,OECDAVG,_T,M,ISCED11_5T8,CEP,USD,2016,206300,0,
